Year,County,1_br,2_br,3_br,4_br,Est. Population
2018,Anderson,625,733,987,1291,58458
2018,Andrews,771,1026,1286,1605,14786
2018,Angelina,697,801,1070,1091,86771
2018,Aransas,745,856,1236,1350,23158
2018,Archer,625,807,1124,1421,9054
2018,Armstrong,616,806,1070,1231,1901
2018,Atascosa,614,816,1046,1186,44911
2018,Austin,758,976,1224,1719,28417
2018,Bailey,553,697,1014,1090,7165
2018,Bandera,801,1001,1321,1604,20485
2018,Bastrop,1023,1251,1679,2018,74171
2018,Baylor,524,697,962,1090,3726
2018,Bee,613,815,1185,1304,31861
2018,Bell,580,771,1098,1358,310235
2018,Bexar,801,1001,1321,1604,1714773
2018,Blanco,638,848,1164,1486,10497
2018,Borden,584,736,976,1151,641
2018,Bosque,529,703,881,957,18212
2018,Bowie,627,795,1022,1178,92565
2018,Brazoria,953,1117,1480,1967,313166
2018,Brazos,756,908,1321,1599,194851
2018,Brewster,591,786,1067,1110,9232
2018,Briscoe,553,697,880,1090,1637
2018,Brooks,553,697,874,1090,7223
2018,Brown,595,705,1008,1116,38106
2018,Burleson,756,908,1321,1599,17187
2018,Burnet,713,819,1191,1442,42750
2018,Caldwell,1023,1251,1679,2018,38066
2018,Calhoun,708,848,1063,1481,21381
2018,Callahan,605,805,1018,1324,13544
2018,Cameron,545,697,934,1081,406220
2018,Camp,607,697,1012,1090,12401
2018,Carson,616,806,1070,1231,6182
2018,Cass,524,697,978,1220,30464
2018,Castro,609,754,945,1179,8062
2018,Chambers,871,1066,1456,1844,35096
2018,Cherokee,559,743,950,1049,50845
2018,Childress,627,720,1047,1126,7041
2018,Clay,625,807,1124,1421,10752
2018,Cochran,525,697,978,1090,3127
2018,Coke,553,697,874,1090,3320
2018,Coleman,524,697,946,1027,8895
2018,Collin,878,1077,1447,1856,782341
2018,Collingsworth,553,697,874,1090,3057
2018,Colorado,546,697,1014,1228,20874
2018,Comal,801,1001,1321,1604,108472
2018,Comanche,573,697,1009,1090,13974
2018,Concho,818,1036,1367,1642,4087
2018,Cooke,618,809,1058,1102,38437
2018,Coryell,580,771,1098,1358,75388
2018,Cottle,584,736,976,1151,1505
2018,Crane,553,697,1014,1090,4375
2018,Crockett,553,697,1014,1090,3719
2018,Crosby,689,842,1225,1483,6059
2018,Culberson,584,736,976,1151,2398
2018,Dallam,671,770,1049,1204,6703
2018,Dallas,878,1077,1447,1856,2368139
2018,Dawson,536,697,1014,1090,13833
2018,Deaf,582,774,999,1054,19372
2018,Delta,524,697,1014,1160,5231
2018,Denton,878,1077,1447,1856,662614
2018,DeWitt,524,697,985,1090,20097
2018,Dickens,607,697,924,1090,2444
2018,Dimmit,584,736,976,1151,9996
2018,Donley,524,697,1014,1090,3677
2018,Duval,579,730,915,1142,11782
2018,Eastland,524,697,877,949,18583
2018,Ector,959,1184,1481,1913,137130
2018,Edwards,584,736,976,1151,2002
2018,Ellis,878,1077,1447,1856,149610
2018,El,690,842,1210,1445,800647
2018,Erath,634,760,1031,1035,37890
2018,Falls,524,697,874,1129,17866
2018,Fannin,524,697,992,1136,33915
2018,Fayette,562,727,1057,1137,24554
2018,Fisher,553,697,926,1090,3974
2018,Floyd,607,697,933,1086,6446
2018,Foard,553,697,924,1090,1336
2018,Fort,871,1066,1456,1844,585375
2018,Franklin,553,697,874,1228,10605
2018,Freestone,585,697,1014,1228,19816
2018,Frio,524,697,952,1228,17217
2018,Gaines,553,697,1014,1228,17526
2018,Galveston,871,1066,1456,1844,291309
2018,Garza,553,697,1014,1228,6461
2018,Gillespie,736,979,1350,1465,24837
2018,Glasscock,584,736,976,1151,1226
2018,Goliad,744,911,1215,1252,7210
2018,Gonzales,524,697,895,1090,19807
2018,Gray,594,742,930,1161,22535
2018,Grayson,685,868,1181,1307,120877
2018,Gregg,747,890,1146,1390,121730
2018,Grimes,524,697,946,949,26604
2018,Guadalupe,801,1001,1321,1604,131533
2018,Hale,582,697,1001,1090,36273
2018,Hall,581,697,1014,1090,3353
2018,Hamilton,550,731,970,1143,8517
2018,Hansford,551,724,908,1132,5613
2018,Hardeman,526,699,927,1093,4139
2018,Hardin,699,856,1101,1209,54635
2018,Harris,871,1066,1456,1844,4092459
2018,Harrison,653,753,992,1095,65631
2018,Hartley,704,809,1138,1265,6062
2018,Haskell,607,697,874,1090,5899
2018,Hays,1023,1251,1679,2018,157107
2018,Hemphill,607,697,1014,1228,3807
2018,Henderson,624,784,1047,1223,78532
2018,Hidalgo,584,758,956,1109,774769
2018,Hill,559,736,923,1034,35089
2018,Hockley,598,796,998,1245,22935
2018,Hood,758,936,1308,1612,51182
2018,Hopkins,595,777,1011,1209,35161
2018,Houston,545,725,909,994,23732
2018,Howard,645,849,1064,1197,35012
2018,Hudspeth,681,830,1041,1423,3476
2018,Hunt,878,1077,1447,1856,86129
2018,Hutchinson,580,771,977,1321,22150
2018,Irion,695,900,1240,1449,1599
2018,Jack,707,891,1117,1214,9044
2018,Jackson,654,813,1160,1185,14075
2018,Jasper,600,798,1000,1087,35710
2018,Jeff,843,1062,1331,1471,2342
2018,Jefferson,699,856,1101,1209,252273
2018,Jim,583,697,1014,1090,5300
2018,Jim,623,829,1039,1129,40838
2018,Johnson,838,1054,1452,1851,150934
2018,Jones,605,805,1018,1324,20202
2018,Karnes,537,714,939,1030,14824
2018,Kaufman,878,1077,1447,1856,103350
2018,Kendall,913,1148,1441,2022,33410
2018,Kenedy,601,761,1005,1207,416
2018,Kent,553,697,1014,1090,808
2018,Kerr,717,823,1103,1121,49625
2018,Kimble,612,771,967,1206,4607
2018,King,800,1008,1264,1577,286
2018,Kinney,559,744,933,1164,3598
2018,Kleberg,614,771,1121,1358,32061
2018,Knox,553,697,874,1090,3719
2018,Lamar,625,736,1004,1296,49793
2018,Lamb,571,697,898,949,13977
2018,Lampasas,524,697,1014,1214,19677
2018,La,610,769,1119,1203,6886
2018,Lavaca,524,697,1010,1090,19263
2018,Lee,609,767,1085,1200,16612
2018,Leon,550,697,874,1089,16801
2018,Liberty,871,1066,1456,1844,75643
2018,Limestone,615,818,1026,1193,23384
2018,Lipscomb,612,703,881,957,3302
2018,Live,558,697,1014,1228,11531
2018,Llano,625,804,1037,1258,19301
2018,Loving,584,736,976,1151,82
2018,Lubbock,689,842,1225,1483,278831
2018,Lynn,607,697,918,949,5915
2018,McCulloch,536,697,1014,1090,8283
2018,McLennan,639,836,1143,1376,234906
2018,McMullen,584,736,976,1151,707
2018,Madison,553,736,923,1002,13664
2018,Marion,553,697,889,1228,10546
2018,Martin,558,697,960,963,4799
2018,Mason,817,1029,1290,1610,4012
2018,Matagorda,622,750,940,1258,36702
2018,Maverick,555,702,880,1079,54258
2018,Medina,561,746,1083,1314,46006
2018,Menard,553,697,924,1103,2242
2018,Midland,1085,1368,1712,1886,136872
2018,Milam,548,715,928,1259,24757
2018,Mills,524,697,874,1090,4936
2018,Mitchell,524,697,874,1090,9403
2018,Montague,643,826,1072,1292,19719
2018,Montgomery,871,1066,1456,1844,455746
2018,Moore,580,735,940,1220,21904
2018,Morris,576,697,1014,1228,12934
2018,Motley,553,697,924,1090,1210
2018,Nacogdoches,680,819,1057,1356,64524
2018,Navarro,615,757,971,1168,47735
2018,Newton,571,697,975,979,14445
2018,Nolan,555,697,874,1090,15216
2018,Nueces,789,997,1328,1518,340223
2018,Ochiltree,670,769,969,1333,10223
2018,Oldham,662,865,1112,1322,2052
2018,Orange,699,856,1101,1209,81837
2018,Palo,588,778,1031,1201,28111
2018,Panola,537,714,895,1188,23796
2018,Parker,838,1054,1452,1851,116927
2018,Parmer,607,697,942,1090,10269
2018,Pecos,630,777,1027,1215,15507
2018,Polk,564,750,977,1250,45413
2018,Potter,616,806,1070,1231,121073
2018,Presidio,607,697,1014,1090,7818
2018,Rains,553,697,1014,1078,10914
2018,Randall,616,806,1070,1231,120725
2018,Reagan,607,697,1013,1090,3367
2018,Real,607,697,1014,1090,3309
2018,Red,524,697,897,1090,12860
2018,Reeves,553,697,950,1090,13783
2018,Refugio,623,716,926,1120,7383
2018,Roberts,584,736,976,1151,929
2018,Robertson,756,908,1321,1599,16622
2018,Rockwall,878,1077,1447,1856,78337
2018,Runnels,524,697,874,949,10501
2018,Rusk,568,755,1017,1028,53330
2018,Sabine,546,726,910,1136,10834
2018,San,524,697,875,1090,8865
2018,San,524,697,966,970,26384
2018,San,789,997,1328,1518,64804
2018,San,524,697,1014,1090,6131
2018,Schleicher,524,697,942,1090,3461
2018,Scurry,671,846,1116,1458,16921
2018,Shackelford,589,697,1014,1228,3378
2018,Shelby,524,697,902,949,25448
2018,Sherman,607,697,946,971,3034
2018,Smith,728,891,1168,1365,209714
2018,Somervell,567,697,1014,1206,8490
2018,Starr,542,697,891,1090,60968
2018,Stephens,526,697,1014,1090,9630
2018,Sterling,584,736,976,1151,1143
2018,Stonewall,584,736,976,1151,1490
2018,Sutton,607,697,980,1090,4128
2018,Swisher,524,697,912,1090,7854
2018,Tarrant,838,1054,1452,1851,1809034
2018,Taylor,605,805,1018,1324,131506
2018,Terrell,591,745,975,1165,984
2018,Terry,541,720,977,1040,12651
2018,Throckmorton,553,697,1014,1090,1641
2018,Titus,546,697,885,1228,32334
2018,Tom,695,900,1240,1449,110224
2018,Travis,1023,1251,1679,2018,1024266
2018,Trinity,575,765,959,1197,14585
2018,Tyler,577,697,995,1111,21766
2018,Upshur,747,890,1146,1390,39309
2018,Upton,607,697,1014,1090,3355
2018,Uvalde,607,697,894,1090,26405
2018,Val,553,715,1040,1075,48879
2018,Van,583,775,1052,1131,52579
2018,Victoria,744,911,1215,1252,86793
2018,Walker,765,879,1137,1548,67861
2018,Waller,871,1066,1456,1844,43205
2018,Ward,607,697,922,1090,10658
2018,Washington,713,819,1027,1442,33718
2018,Webb,622,788,1040,1196,250304
2018,Wharton,629,770,965,1222,41280
2018,Wheeler,607,697,874,1090,5410
2018,Wichita,625,807,1124,1421,131500
2018,Wilbarger,561,697,1014,1228,13535
2018,Willacy,553,697,1014,1090,22134
2018,Williamson,1023,1251,1679,2018,422679
2018,Wilson,801,1001,1321,1604,42918
2018,Winkler,553,697,955,1090,7110
2018,Wise,728,953,1195,1298,59127
2018,Wood,594,752,1035,1324,41964
2018,Yoakum,607,697,874,1090,7879
2018,Young,533,709,946,966,18550
2018,Zapata,607,697,1014,1090,14018
2018,Zavala,607,697,874,1090,11677
2021,Anderson,659,774,1106,1333,57745
2021,Andrews,838,1044,1309,1805,17575
2021,Angelina,742,871,1101,1181,87700
2021,Aransas,779,906,1297,1420,24830
2021,Archer,656,832,1136,1346,8795
2021,Armstrong,705,906,1236,1406,1930
2021,Atascosa,773,881,1096,1417,48140
2021,Austin,810,956,1242,1641,29290
2021,Bailey,582,734,1050,1085,7100
2021,Bandera,912,1114,1446,1793,21315
2021,Bastrop,1212,1434,1848,2207,80305
2021,Baylor,644,734,1050,1085,3600
2021,Bee,702,925,1300,1511,32730
2021,Bell,639,815,1166,1411,336505
2021,Bexar,912,1114,1446,1793,1892005
2021,Blanco,679,895,1113,1319,11090
2021,Borden,628,791,1044,1170,600
2021,Bosque,557,734,913,1032,17955
2021,Bowie,658,826,1030,1322,93635
2021,Brazoria,999,1139,1528,1972,345995
2021,Brazos,774,909,1301,1574,214230
2021,Brewster,635,825,1115,1119,9220
2021,Briscoe,582,734,1050,1085,1590
2021,Brooks,582,734,913,1085,7250
2021,Brown,631,801,1142,1206,37785
2021,Burleson,774,909,1301,1574,17595
2021,Burnet,759,865,1169,1238,45015
2021,Caldwell,1212,1434,1848,2207,40545
2021,Calhoun,695,822,1113,1215,21820
2021,Callahan,733,955,1285,1639,13660
2021,Cameron,590,753,989,1138,420200
2021,Camp,639,734,1050,1269,12670
2021,Carson,705,906,1236,1406,6035
2021,Cass,557,734,1050,1177,30120
2021,Castro,644,734,1027,1085,7890
2021,Chambers,983,1176,1576,2010,39285
2021,Cherokee,577,744,1005,1009,51595
2021,Childress,663,835,1039,1235,7065
2021,Clay,656,832,1136,1346,10370
2021,Cochran,582,734,913,1121,2930
2021,Coke,557,734,913,1085,3240
2021,Coleman,557,734,984,995,8420
2021,Collin,1134,1352,1746,2309,914075
2021,Collingsworth,644,734,990,1085,3025
2021,Colorado,574,757,1035,1101,20915
2021,Comal,912,1114,1446,1793,129100
2021,Comanche,644,734,1050,1092,13490
2021,Concho,640,844,1050,1248,3860
2021,Cooke,697,840,1135,1139,39065
2021,Coryell,639,815,1166,1411,75820
2021,Cottle,582,734,913,1085,1500
2021,Crane,582,734,1050,1085,4835
2021,Crockett,582,734,969,1085,3835
2021,Crosby,733,896,1282,1551,5895
2021,Culberson,571,752,993,1112,2255
2021,Dallam,668,762,948,1127,7205
2021,Dallas,1134,1352,1746,2309,2552215
2021,Dawson,644,734,992,995,13095
2021,Deaf,654,862,1078,1169,18945
2021,Delta,605,734,992,995,5170
2021,Denton,1134,1352,1746,2309,781320
2021,DeWitt,677,800,1053,1233,20475
2021,Dickens,582,734,969,1085,2225
2021,Dimmit,628,791,1044,1170,10820
2021,Donley,557,734,1004,1085,3435
2021,Duval,582,734,1046,1050,11435
2021,Eastland,629,734,913,995,18280
2021,Ector,924,1214,1510,1845,155745
2021,Edwards,628,791,1044,1170,2110
2021,Ellis,1134,1352,1746,2309,164090
2021,El,687,831,1174,1415,834825
2021,Erath,681,837,1131,1135,41015
2021,Falls,595,734,1033,1271,17290
2021,Fannin,585,771,1089,1129,33785
2021,Fayette,605,797,1077,1081,24965
2021,Fisher,582,734,985,1085,3875
2021,Floyd,617,770,958,1044,5955
2021,Foard,628,791,1044,1170,1415
2021,Fort,983,1176,1576,2010,711420
2021,Franklin,645,774,1017,1340,10640
2021,Freestone,557,734,1050,1271,19645
2021,Frio,683,778,1023,1150,19110
2021,Gaines,582,734,1050,1129,19890
2021,Galveston,983,1176,1576,2010,321185
2021,Garza,601,757,942,1150,6740
2021,Gillespie,734,967,1384,1494,25940
2021,Glasscock,628,791,1044,1170,1420
2021,Goliad,837,1033,1333,1473,7510
2021,Gonzales,634,764,1086,1130,20560
2021,Gray,618,814,1107,1204,22960
2021,Grayson,792,959,1292,1457,126145
2021,Gregg,721,850,1152,1351,123400
2021,Grimes,564,743,958,1008,27360
2021,Guadalupe,912,1114,1446,1793,150890
2021,Hale,644,734,1050,1245,34525
2021,Hall,592,734,1024,1085,3100
2021,Hamilton,644,734,913,1085,8220
2021,Hansford,670,814,1012,1204,5530
2021,Hardeman,557,734,969,1085,3990
2021,Hardin,708,880,1145,1205,55995
2021,Harris,983,1176,1576,2010,4525520
2021,Harrison,673,832,1045,1128,66605
2021,Hartley,752,857,1226,1267,5820
2021,Haskell,644,734,1027,1085,5805
2021,Hays,1212,1434,1848,2207,194845
2021,Hemphill,738,972,1209,1437,4150
2021,Henderson,609,802,1044,1193,79685
2021,Hidalgo,574,739,953,1070,839540
2021,Hill,604,762,986,1033,35100
2021,Hockley,644,734,1050,1271,23275
2021,Hood,927,1107,1377,1686,55420
2021,Hopkins,625,783,1121,1238,35930
2021,Houston,557,734,913,995,22850
2021,Howard,846,964,1199,1347,36490
2021,Hudspeth,605,734,913,1250,3700
2021,Hunt,1134,1352,1746,2309,90320
2021,Hutchinson,618,814,1056,1262,21705
2021,Irion,762,980,1297,1572,1590
2021,Jack,582,734,1050,1271,8840
2021,Jackson,688,836,1196,1236,14755
2021,Jasper,624,823,1112,1116,35445
2021,Jeff,687,864,1146,1213,2235
2021,Jefferson,708,880,1145,1205,254575
2021,Jim,582,734,1050,1085,5260
2021,Jim,667,879,1093,1300,41320
2021,Johnson,1021,1242,1661,2077,160175
2021,Jones,733,955,1285,1639,19970
2021,Karnes,640,806,1003,1192,15050
2021,Kaufman,1134,1352,1746,2309,114850
2021,Kendall,1061,1293,1608,2063,40305
2021,Kenedy,628,791,1044,1170,565
2021,Kent,628,791,1044,1170,680
2021,Kerr,735,838,1199,1233,50760
2021,Kimble,632,751,938,1110,4430
2021,King,709,888,1107,1335,290
2021,Kinney,666,839,1044,1240,3630
2021,Kleberg,681,898,1238,1546,31540
2021,Knox,582,734,913,1085,3755
2021,Lamar,588,768,1021,1287,49400
2021,Lamb,625,734,913,995,13370
2021,Lampasas,604,796,1112,1116,20475
2021,La,572,734,1050,1085,7420
2021,Lavaca,590,777,1066,1149,19860
2021,Lee,782,911,1133,1347,16850
2021,Leon,557,734,1000,1003,16965
2021,Liberty,983,1176,1576,2010,79885
2021,Limestone,596,786,978,1066,23480
2021,Lipscomb,601,757,995,1034,3495
2021,Live,557,734,1050,1129,12045
2021,Llano,667,879,1093,1375,20195
2021,Loving,628,791,1044,1170,75
2021,Lubbock,733,896,1282,1551,298040
2021,Lynn,602,734,1050,1271,5785
2021,McCulloch,644,849,1056,1255,8145
2021,McLennan,721,934,1252,1398,245720
2021,McMullen,628,791,1044,1170,600
2021,Madison,677,887,1103,1203,13980
2021,Marion,582,734,995,1085,10140
2021,Martin,595,734,1050,1231,5545
2021,Mason,657,828,1151,1224,4120
2021,Matagorda,627,808,1064,1399,36745
2021,Maverick,570,736,917,1098,57470
2021,Medina,657,866,1133,1329,48550
2021,Menard,582,734,953,1085,2125
2021,Midland,1128,1391,1730,2352,159885
2021,Milam,599,734,1050,1271,24480
2021,Mills,582,734,913,1085,4885
2021,Mitchell,601,734,941,1189,8775
2021,Montague,667,879,1115,1300,19405
2021,Montgomery,983,1176,1576,2010,535185
2021,Moore,624,823,1024,1217,22015
2021,Morris,557,734,1050,1252,12530
2021,Motley,582,734,959,1085,1115
2021,Nacogdoches,683,838,1096,1242,65410
2021,Navarro,624,823,1178,1325,48240
2021,Newton,592,734,1004,1007,14185
2021,Nolan,559,737,1052,1276,14990
2021,Nueces,864,1079,1428,1702,358485
2021,Ochiltree,610,769,984,1137,10485
2021,Oldham,798,1025,1275,1591,2085
2021,Orange,708,880,1145,1205,83910
2021,Palo,630,796,1077,1251,28110
2021,Panola,594,783,974,1080,23575
2021,Parker,1021,1242,1661,2077,125965
2021,Parmer,644,734,976,1129,9870
2021,Pecos,734,898,1264,1555,15805
2021,Polk,656,757,1065,1098,46975
2021,Potter,705,906,1236,1406,121230
2021,Presidio,582,734,1050,1085,7190
2021,Rains,623,734,1015,1085,11245
2021,Randall,705,906,1236,1406,130550
2021,Reagan,773,974,1211,1440,3735
2021,Real,679,856,1152,1266,3360
2021,Red,557,734,913,1085,12355
2021,Reeves,691,788,1127,1165,14790
2021,Refugio,664,757,942,1199,7295
2021,Roberts,628,791,1044,1170,890
2021,Robertson,774,909,1301,1574,16725
2021,Rockwall,1134,1352,1746,2309,90415
2021,Runnels,566,746,928,1012,10265
2021,Rusk,575,754,959,1208,53025
2021,Sabine,644,734,1050,1085,10430
2021,San,582,767,954,1134,8405
2021,San,582,734,992,995,27435
2021,San,864,1079,1428,1702,66865
2021,San,557,734,918,1085,5850
2021,Schleicher,628,791,1044,1170,3120
2021,Scurry,702,877,1107,1400,17345
2021,Shackelford,582,734,969,1085,3350
2021,Shelby,557,734,978,1271,25690
2021,Sherman,644,734,1050,1137,3065
2021,Smith,899,1085,1363,1774,222275
2021,Somervell,738,889,1272,1508,8650
2021,Starr,587,734,940,1085,63420
2021,Stephens,590,734,1050,1085,9365
2021,Sterling,628,791,1044,1170,1140
2021,Stonewall,628,791,1044,1170,1085
2021,Sutton,644,734,969,1085,3895
2021,Swisher,557,734,992,995,7540
2021,Tarrant,1021,1242,1661,2077,1983675
2021,Taylor,733,955,1285,1639,135370
2021,Terrell,673,848,1119,1254,720
2021,Terry,557,734,992,995,12755
2021,Throckmorton,582,734,1050,1085,1540
2021,Titus,582,734,929,1248,32665
2021,Tom,762,980,1297,1572,116905
2021,Travis,1212,1434,1848,2207,1176585
2021,Trinity,634,836,1040,1280,14480
2021,Tyler,644,734,961,1129,21455
2021,Upshur,721,850,1152,1351,40505
2021,Upton,644,734,975,1085,3575
2021,Uvalde,644,734,913,1271,27015
2021,Val,604,796,1075,1079,48975
2021,Van,608,801,1146,1171,53605
2021,Victoria,837,1033,1333,1473,91520
2021,Walker,793,971,1208,1681,70820
2021,Waller,983,1176,1576,2010,48445
2021,Ward,636,838,1095,1239,11500
2021,Washington,767,891,1123,1428,34665
2021,Webb,735,915,1199,1351,269625
2021,Wharton,657,772,1045,1337,41430
2021,Wheeler,603,734,933,1089,5600
2021,Wichita,656,832,1136,1346,131780
2021,Wilbarger,608,734,927,1085,12970
2021,Willacy,557,734,945,995,21840
2021,Williamson,1212,1434,1848,2207,508315
2021,Wilson,912,1114,1446,1793,47205
2021,Winkler,582,734,1050,1085,7775
2021,Wise,954,1087,1401,1496,63245
2021,Wood,609,803,1032,1195,43315
2021,Yoakum,652,743,924,1099,8480
2021,Young,572,734,986,1085,18165
2021,Zapata,624,734,1000,1085,14415
2021,Zavala,640,734,913,1085,12150
2020,Anderson,661,775,1095,1361,57745
2020,Andrews,805,1005,1252,1764,17575
2020,Angelina,690,793,1040,1074,87700
2020,Aransas,735,841,1215,1277,24830
2020,Archer,605,784,1079,1308,8795
2020,Armstrong,675,872,1192,1334,1930
2020,Atascosa,683,845,1053,1283,48140
2020,Austin,793,961,1198,1687,29290
2020,Bailey,627,714,1030,1074,7100
2020,Bandera,851,1051,1372,1691,21315
2020,Bastrop,1134,1356,1763,2128,80305
2020,Baylor,627,714,1030,1074,3600
2020,Bee,645,849,1225,1437,32730
2020,Bell,611,785,1132,1378,336505
2020,Bexar,851,1051,1372,1691,1892005
2020,Blanco,628,824,1043,1295,11090
2020,Borden,592,741,984,1114,600
2020,Bosque,542,714,890,1010,17955
2020,Bowie,624,792,996,1286,93635
2020,Brazoria,925,1065,1433,1870,345995
2020,Brazos,791,938,1353,1647,214230
2020,Brewster,584,765,1032,1036,9220
2020,Briscoe,570,714,1007,1074,1590
2020,Brooks,570,714,890,1074,7250
2020,Brown,594,729,1052,1132,37785
2020,Burleson,791,938,1353,1647,17595
2020,Burnet,723,823,1159,1375,45015
2020,Caldwell,1134,1356,1763,2128,40545
2020,Calhoun,666,815,1068,1314,21820
2020,Callahan,655,863,1134,1464,13660
2020,Cameron,596,760,1011,1163,420200
2020,Camp,627,714,1030,1074,12670
2020,Carson,675,872,1192,1334,6035
2020,Cass,542,714,1030,1173,30120
2020,Castro,619,714,935,1074,7890
2020,Chambers,908,1096,1485,1878,39285
2020,Cherokee,545,718,966,973,51595
2020,Childress,613,768,1108,1155,7065
2020,Clay,605,784,1079,1308,10370
2020,Cochran,570,714,890,1074,2930
2020,Coke,542,714,890,1074,3240
2020,Coleman,542,714,964,967,8420
2020,Collin,1093,1314,1727,2262,914075
2020,Collingsworth,570,714,890,1074,3025
2020,Colorado,542,714,1030,1145,20915
2020,Comal,851,1051,1372,1691,129100
2020,Comanche,627,714,1030,1074,13490
2020,Concho,664,840,1108,1331,3860
2020,Cooke,681,827,1116,1120,39065
2020,Coryell,611,785,1132,1378,75820
2020,Cottle,585,736,977,1134,1500
2020,Crane,570,714,1030,1074,4835
2020,Crockett,570,714,948,1074,3835
2020,Crosby,708,858,1238,1506,5895
2020,Culberson,549,718,954,1080,2255
2020,Dallam,657,748,932,1125,7205
2020,Dallas,1093,1314,1727,2262,2552215
2020,Dawson,627,714,1009,1013,13095
2020,Deaf,622,819,1052,1109,18945
2020,Delta,578,714,964,967,5170
2020,Denton,1093,1314,1727,2262,781320
2020,DeWitt,575,741,995,1144,20475
2020,Dickens,627,714,948,1074,2225
2020,Dimmit,592,741,984,1114,10820
2020,Donley,542,714,1030,1074,3435
2020,Duval,570,714,987,991,11435
2020,Eastland,542,714,890,967,18280
2020,Ector,901,1164,1451,1821,155745
2020,Edwards,592,741,984,1114,2110
2020,Ellis,1093,1314,1727,2262,164090
2020,El,677,827,1173,1408,834825
2020,Erath,654,790,1066,1070,41015
2020,Falls,542,714,916,1101,17290
2020,Fannin,563,742,1039,1133,33785
2020,Fayette,572,753,1016,1039,24965
2020,Fisher,570,714,973,1074,3875
2020,Floyd,627,714,890,967,5955
2020,Foard,592,741,984,1114,1415
2020,Fort,908,1096,1485,1878,711420
2020,Franklin,589,714,958,1254,10640
2020,Freestone,556,714,1030,1254,19645
2020,Frio,627,714,952,1107,19110
2020,Gaines,570,714,1030,1254,19890
2020,Galveston,908,1096,1485,1878,321185
2020,Garza,570,714,946,1204,6740
2020,Gillespie,710,935,1349,1428,25940
2020,Glasscock,592,741,984,1114,1420
2020,Goliad,815,1002,1296,1429,7510
2020,Gonzales,545,714,1022,1074,20560
2020,Gray,590,777,1033,1168,22960
2020,Grayson,740,915,1238,1383,126145
2020,Gregg,781,918,1228,1464,123400
2020,Grimes,542,714,981,1074,27360
2020,Guadalupe,851,1051,1372,1691,150890
2020,Hale,619,714,1025,1200,34525
2020,Hall,601,714,1030,1074,3100
2020,Hamilton,618,714,890,1074,8220
2020,Hansford,587,749,933,1126,5530
2020,Hardeman,542,714,948,1074,3990
2020,Hardin,688,857,1115,1180,55995
2020,Harris,908,1096,1485,1878,4525520
2020,Harrison,661,786,1000,1065,66605
2020,Hartley,691,787,1135,1183,5820
2020,Haskell,627,714,902,1074,5805
2020,Hays,1134,1356,1763,2128,194845
2020,Hemphill,639,842,1049,1266,4150
2020,Henderson,611,796,1039,1223,79685
2020,Hidalgo,577,743,955,1068,839540
2020,Hill,594,752,957,1019,35100
2020,Hockley,611,714,928,1254,23275
2020,Hood,904,1073,1357,1696,55420
2020,Hopkins,597,756,1091,1153,35930
2020,Houston,542,714,890,967,22850
2020,Howard,755,894,1114,1211,36490
2020,Hudspeth,642,785,978,1336,3700
2020,Hunt,1093,1314,1727,2262,90320
2020,Hutchinson,587,773,997,1273,21705
2020,Irion,740,963,1284,1529,1590
2020,Jack,576,763,1035,1313,8840
2020,Jackson,635,806,1163,1212,14755
2020,Jasper,590,777,1030,1053,35445
2020,Jeff,763,959,1273,1347,2235
2020,Jefferson,688,857,1115,1180,254575
2020,Jim,570,714,1030,1074,5260
2020,Jim,628,827,1031,1120,41320
2020,Johnson,945,1165,1579,1980,160175
2020,Jones,655,863,1134,1464,19970
2020,Karnes,595,784,977,1179,15050
2020,Kaufman,1093,1314,1727,2262,114850
2020,Kendall,991,1224,1525,2149,40305
2020,Kenedy,592,741,984,1114,565
2020,Kent,570,714,1012,1074,680
2020,Kerr,701,798,1151,1236,50760
2020,Kimble,624,732,920,1101,4430
2020,King,787,986,1229,1483,290
2020,Kinney,644,807,1006,1214,3630
2020,Kleberg,606,798,1151,1401,31540
2020,Knox,570,714,890,1074,3755
2020,Lamar,563,719,944,1262,49400
2020,Lamb,627,714,893,967,13370
2020,Lampasas,580,764,1102,1128,20475
2020,La,547,721,1040,1084,7420
2020,Lavaca,552,727,1016,1093,19860
2020,Lee,725,827,1091,1244,16850
2020,Leon,584,714,979,990,16965
2020,Liberty,908,1096,1485,1878,79885
2020,Limestone,578,749,933,1015,23480
2020,Lipscomb,570,714,979,1006,3495
2020,Live,542,714,1030,1254,12045
2020,Llano,623,821,1023,1235,20195
2020,Loving,592,741,984,1114,75
2020,Lubbock,708,858,1238,1506,298040
2020,Lynn,627,714,1009,1254,5785
2020,McCulloch,588,775,966,1165,8145
2020,McLennan,692,900,1216,1393,245720
2020,McMullen,592,741,984,1114,600
2020,Madison,647,852,1062,1154,13980
2020,Marion,570,714,937,1107,10140
2020,Martin,572,714,1030,1107,5545
2020,Mason,699,879,1229,1354,4120
2020,Matagorda,609,742,933,1298,36745
2020,Maverick,542,714,890,1093,57470
2020,Medina,618,814,1073,1312,48550
2020,Menard,570,714,890,1074,2125
2020,Midland,1080,1349,1681,2123,159885
2020,Milam,581,714,1001,1254,24480
2020,Mills,570,714,890,1074,4885
2020,Mitchell,542,714,910,1110,8775
2020,Montague,640,843,1051,1268,19405
2020,Montgomery,908,1096,1485,1878,535185
2020,Moore,591,752,945,1131,22015
2020,Morris,542,714,1030,1238,12530
2020,Motley,570,714,948,1074,1115
2020,Nacogdoches,670,817,1071,1243,65410
2020,Navarro,601,792,1118,1253,48240
2020,Newton,575,714,979,982,14185
2020,Nolan,542,714,937,1254,14990
2020,Nueces,789,999,1336,1553,358485
2020,Ochiltree,588,736,934,1143,10485
2020,Oldham,764,986,1229,1508,2085
2020,Orange,688,857,1115,1180,83910
2020,Palo,599,771,1031,1227,28110
2020,Panola,563,741,923,1073,23575
2020,Parker,945,1165,1579,1980,125965
2020,Parmer,627,714,940,1254,9870
2020,Pecos,646,844,1162,1482,15805
2020,Polk,577,732,1000,1062,46975
2020,Potter,675,872,1192,1334,121230
2020,Presidio,570,714,1030,1074,7190
2020,Rains,594,714,964,975,11245
2020,Randall,675,872,1192,1334,130550
2020,Reagan,620,787,981,1183,3735
2020,Real,643,805,1076,1211,3360
2020,Red,542,714,890,1074,12355
2020,Reeves,654,744,1043,1119,14790
2020,Refugio,643,732,918,1101,7295
2020,Roberts,592,741,984,1114,890
2020,Robertson,791,938,1353,1647,16725
2020,Rockwall,1093,1314,1727,2262,90415
2020,Runnels,542,714,890,967,10265
2020,Rusk,621,818,1058,1337,53025
2020,Sabine,627,714,1030,1074,10430
2020,San,554,727,906,1093,8405
2020,San,570,714,964,967,27435
2020,San,789,999,1336,1553,66865
2020,San,542,714,977,1074,5850
2020,Schleicher,592,741,984,1114,3120
2020,Scurry,677,836,1122,1375,17345
2020,Shackelford,570,714,1030,1074,3350
2020,Shelby,542,714,928,1178,25690
2020,Sherman,627,714,983,987,3065
2020,Smith,765,923,1175,1512,222275
2020,Somervell,731,879,1258,1504,8650
2020,Starr,563,714,892,1074,63420
2020,Stephens,556,714,1030,1074,9365
2020,Sterling,592,741,984,1114,1140
2020,Stonewall,592,741,984,1114,1085
2020,Sutton,627,714,948,1074,3895
2020,Swisher,542,714,963,972,7540
2020,Tarrant,945,1165,1579,1980,1983675
2020,Taylor,655,863,1134,1464,135370
2020,Terrell,651,815,1083,1226,720
2020,Terry,542,714,964,967,12755
2020,Throckmorton,570,714,1030,1074,1540
2020,Titus,591,714,944,1254,32665
2020,Tom,740,963,1284,1529,116905
2020,Travis,1134,1356,1763,2128,1176585
2020,Trinity,612,806,1004,1212,14480
2020,Tyler,627,714,900,1254,21455
2020,Upshur,781,918,1228,1464,40505
2020,Upton,627,714,1024,1074,3575
2020,Uvalde,627,714,890,1074,27015
2020,Val,542,714,964,967,48975
2020,Van,582,766,1054,1131,53605
2020,Victoria,815,1002,1296,1429,91520
2020,Walker,744,898,1119,1577,70820
2020,Waller,908,1096,1485,1878,48445
2020,Ward,567,737,966,1108,11500
2020,Washington,756,861,1073,1428,34665
2020,Webb,687,862,1132,1293,269625
2020,Wharton,614,717,933,1259,41430
2020,Wheeler,627,714,890,1059,5600
2020,Wichita,605,784,1079,1308,131780
2020,Wilbarger,627,714,1007,1107,12970
2020,Willacy,543,714,950,967,21840
2020,Williamson,1134,1356,1763,2128,508315
2020,Wilson,851,1051,1372,1691,47205
2020,Winkler,570,714,1030,1074,7775
2020,Wise,929,1057,1317,1482,63245
2020,Wood,579,756,1006,1327,43315
2020,Yoakum,627,714,890,1074,8480
2020,Young,542,714,956,1074,18165
2020,Zapata,627,714,1030,1074,14415
2020,Zavala,627,714,890,1074,12150
2019,Anderson,661,761,1070,1337,58458
2019,Andrews,783,1036,1298,1820,14786
2019,Angelina,705,807,1067,1112,86771
2019,Aransas,816,934,1350,1418,23158
2019,Archer,599,772,1069,1356,9054
2019,Armstrong,654,849,1148,1293,1901
2019,Atascosa,645,853,1088,1259,44911
2019,Austin,792,1009,1264,1772,28417
2019,Bailey,611,700,1012,1079,7165
2019,Bandera,844,1050,1379,1689,20485
2019,Bastrop,1086,1315,1734,2099,74171
2019,Baylor,535,700,1012,1079,3726
2019,Bee,679,854,1235,1382,31861
2019,Bell,593,780,1124,1370,310235
2019,Bexar,844,1050,1379,1689,1714773
2019,Blanco,637,843,1114,1374,10497
2019,Borden,597,751,997,1157,641
2019,Bosque,532,704,882,952,18212
2019,Bowie,625,798,1018,1255,92565
2019,Brazoria,935,1083,1445,1902,313166
2019,Brazos,767,911,1317,1600,194851
2019,Brewster,596,789,1063,1067,9232
2019,Briscoe,557,700,883,1079,1637
2019,Brooks,557,700,877,1079,7223
2019,Brown,598,705,1019,1140,38106
2019,Burleson,767,911,1317,1600,17187
2019,Burnet,723,828,1188,1298,42750
2019,Caldwell,1086,1315,1734,2099,38066
2019,Calhoun,701,831,1041,1460,21381
2019,Callahan,621,822,1064,1367,13544
2019,Cameron,563,718,964,1104,406220
2019,Camp,615,704,1016,1085,12401
2019,Carson,654,849,1148,1293,6182
2019,Cass,529,700,1012,1230,30464
2019,Castro,591,728,912,1122,8062
2019,Chambers,907,1104,1509,1897,35096
2019,Cherokee,541,715,934,1006,50845
2019,Childress,593,746,1079,1149,7041
2019,Clay,599,772,1069,1356,10752
2019,Cochran,536,700,881,1079,3127
2019,Coke,529,700,877,1079,3320
2019,Coleman,529,700,943,946,8895
2019,Collin,989,1201,1600,2080,782341
2019,Collingsworth,557,700,877,1079,3057
2019,Colorado,529,700,1012,1230,20874
2019,Comal,844,1050,1379,1689,108472
2019,Comanche,610,700,1012,1079,13974
2019,Concho,737,933,1231,1478,4087
2019,Cooke,651,817,1100,1104,38437
2019,Coryell,593,780,1124,1370,75388
2019,Cottle,650,817,1085,1259,1505
2019,Crane,557,700,1012,1079,4375
2019,Crockett,557,700,1012,1079,3719
2019,Crosby,726,880,1272,1546,6059
2019,Culberson,609,700,930,1079,2398
2019,Dallam,702,804,1007,1239,6703
2019,Dallas,989,1201,1600,2080,2368139
2019,Dawson,611,700,1012,1079,13833
2019,Deaf,610,807,1028,1091,19372
2019,Delta,529,700,943,1044,5231
2019,Denton,989,1201,1600,2080,662614
2019,DeWitt,548,725,976,1117,20097
2019,Dickens,611,700,930,1079,2444
2019,Dimmit,597,751,997,1157,9996
2019,Donley,545,700,1012,1079,3677
2019,Duval,557,700,953,1028,11782
2019,Eastland,529,700,877,946,18583
2019,Ector,899,1144,1433,1906,137130
2019,Edwards,597,751,997,1157,2002
2019,Ellis,989,1201,1600,2080,149610
2019,El,678,831,1189,1416,800647
2019,Erath,683,829,1116,1121,37890
2019,Falls,529,700,877,1115,17866
2019,Fannin,561,742,1052,1199,33915
2019,Fayette,584,749,1083,1154,24554
2019,Fisher,557,700,937,1079,3974
2019,Floyd,611,700,877,1015,6446
2019,Foard,597,751,997,1157,1336
2019,Fort,907,1104,1509,1897,585375
2019,Franklin,547,700,882,1230,10605
2019,Freestone,577,700,1012,1230,19816
2019,Frio,611,700,921,1230,17217
2019,Gaines,557,700,1012,1230,17526
2019,Galveston,907,1104,1509,1897,291309
2019,Garza,557,700,1012,1230,6461
2019,Gillespie,736,974,1363,1471,24837
2019,Glasscock,597,751,997,1157,1226
2019,Goliad,784,960,1251,1328,7210
2019,Gonzales,537,710,978,1094,19807
2019,Gray,584,772,969,1190,22535
2019,Grayson,708,892,1212,1354,120877
2019,Gregg,766,910,1195,1431,121730
2019,Grimes,529,700,992,1079,26604
2019,Guadalupe,844,1050,1379,1689,131533
2019,Hale,602,700,1012,1079,36273
2019,Hall,568,700,1012,1079,3353
2019,Hamilton,572,711,944,1096,8517
2019,Hansford,577,739,926,1139,5613
2019,Hardeman,529,700,930,1079,4139
2019,Hardin,745,920,1187,1310,54635
2019,Harris,907,1104,1509,1897,4092459
2019,Harrison,680,799,1046,1080,65631
2019,Hartley,701,803,1161,1237,6062
2019,Haskell,611,700,877,1079,5899
2019,Hays,1086,1315,1734,2099,157107
2019,Hemphill,623,752,1002,1321,3807
2019,Henderson,641,817,1081,1290,78532
2019,Hidalgo,586,757,963,1097,774769
2019,Hill,588,754,945,1019,35089
2019,Hockley,589,744,932,1146,22935
2019,Hood,814,983,1326,1651,51182
2019,Hopkins,586,745,1025,1176,35161
2019,Houston,538,712,892,962,23732
2019,Howard,716,881,1104,1240,35012
2019,Hudspeth,700,858,1075,1461,3476
2019,Hunt,989,1201,1600,2080,86129
2019,Hutchinson,590,781,996,1289,22150
2019,Irion,732,958,1293,1539,1599
2019,Jack,640,847,1061,1239,9044
2019,Jackson,637,828,1157,1161,14075
2019,Jasper,594,786,985,1062,35710
2019,Jeff,847,1065,1414,1496,2342
2019,Jefferson,745,920,1187,1310,252273
2019,Jim,586,700,1012,1079,5300
2019,Jim,626,828,1037,1119,40838
2019,Johnson,853,1068,1460,1851,150934
2019,Jones,621,822,1064,1367,20202
2019,Karnes,581,769,963,1185,14824
2019,Kaufman,989,1201,1600,2080,103350
2019,Kendall,984,1217,1525,2138,33410
2019,Kenedy,597,751,997,1157,416
2019,Kent,557,700,1012,1079,808
2019,Kerr,735,842,1178,1199,49625
2019,Kimble,633,773,968,1191,4607
2019,King,801,1007,1262,1552,286
2019,Kinney,641,806,1010,1242,3598
2019,Kleberg,612,781,1129,1372,32061
2019,Knox,557,700,877,1079,3719
2019,Lamar,600,743,982,1305,49793
2019,Lamb,611,700,896,946,13977
2019,Lampasas,551,729,1054,1203,19677
2019,La,570,754,1090,1162,6886
2019,Lavaca,548,725,1029,1117,19263
2019,Lee,652,820,1110,1263,16612
2019,Leon,562,700,947,1040,16801
2019,Liberty,907,1104,1509,1897,75643
2019,Limestone,605,800,1002,1081,23384
2019,Lipscomb,618,708,945,963,3302
2019,Live,535,700,1012,1230,11531
2019,Llano,615,813,1019,1253,19301
2019,Loving,597,751,997,1157,82
2019,Lubbock,726,880,1272,1546,278831
2019,Lynn,625,715,969,1256,5915
2019,McCulloch,569,753,943,1160,8283
2019,McLennan,628,823,1124,1325,234906
2019,McMullen,597,751,997,1157,707
2019,Madison,623,807,1011,1091,13664
2019,Marion,557,700,919,1230,10546
2019,Martin,560,700,973,976,4799
2019,Mason,776,976,1257,1504,4012
2019,Matagorda,619,754,945,1292,36702
2019,Maverick,546,711,891,1107,54258
2019,Medina,609,806,1097,1313,46006
2019,Menard,565,710,890,1094,2242
2019,Midland,1067,1337,1675,1900,136872
2019,Milam,529,700,927,1230,24757
2019,Mills,557,700,877,1079,4936
2019,Mitchell,529,700,877,1079,9403
2019,Montague,654,865,1084,1333,19719
2019,Montgomery,907,1104,1509,1897,455746
2019,Moore,604,746,963,1149,21904
2019,Morris,559,700,1012,1212,12934
2019,Motley,557,700,930,1079,1210
2019,Nacogdoches,687,831,1090,1309,64524
2019,Navarro,629,779,1057,1254,47735
2019,Newton,568,700,987,991,14445
2019,Nolan,529,700,887,1230,15216
2019,Nueces,876,1110,1484,1725,340223
2019,Ochiltree,603,750,961,1227,10223
2019,Oldham,736,956,1198,1457,2052
2019,Orange,745,920,1187,1310,81837
2019,Palo,601,783,1058,1281,28111
2019,Panola,551,729,913,1139,23796
2019,Parker,853,1068,1460,1851,116927
2019,Parmer,611,700,962,1230,10269
2019,Pecos,650,817,1130,1435,15507
2019,Polk,569,753,981,1125,45413
2019,Potter,654,849,1148,1293,121073
2019,Presidio,557,700,1012,1079,7818
2019,Rains,582,700,1012,1083,10914
2019,Randall,654,849,1148,1293,120725
2019,Reagan,654,749,941,1154,3367
2019,Real,657,752,1030,1159,3309
2019,Red,529,700,877,1079,12860
2019,Reeves,575,723,1012,1114,13783
2019,Refugio,656,751,941,1157,7383
2019,Roberts,597,751,997,1157,929
2019,Robertson,767,911,1317,1600,16622
2019,Rockwall,989,1201,1600,2080,78337
2019,Runnels,529,700,877,946,10501
2019,Rusk,599,792,1043,1121,53330
2019,Sabine,529,700,877,1079,10834
2019,San,556,735,921,1133,8865
2019,San,557,700,952,956,26384
2019,San,876,1110,1484,1725,64804
2019,San,529,700,1012,1079,6131
2019,Schleicher,536,700,930,1079,3461
2019,Scurry,677,851,1172,1439,16921
2019,Shackelford,601,700,1012,1106,3378
2019,Shelby,529,700,889,1063,25448
2019,Sherman,611,700,943,946,3034
2019,Smith,747,908,1178,1443,209714
2019,Somervell,668,815,1141,1407,8490
2019,Starr,546,700,885,1079,60968
2019,Stephens,540,700,1012,1079,9630
2019,Sterling,597,751,997,1157,1143
2019,Stonewall,597,751,997,1157,1490
2019,Sutton,611,700,1011,1079,4128
2019,Swisher,529,700,898,1079,7854
2019,Tarrant,853,1068,1460,1851,1809034
2019,Taylor,621,822,1064,1367,131506
2019,Terrell,665,836,1110,1288,984
2019,Terry,547,724,975,979,12651
2019,Throckmorton,557,700,1012,1079,1641
2019,Titus,567,700,898,1230,32334
2019,Tom,732,958,1293,1539,110224
2019,Travis,1086,1315,1734,2099,1024266
2019,Trinity,607,803,1006,1237,14585
2019,Tyler,618,708,950,1084,21766
2019,Upshur,766,910,1195,1431,39309
2019,Upton,611,700,1012,1079,3355
2019,Uvalde,611,700,890,1079,26405
2019,Val,544,717,1015,1018,48879
2019,Van,583,771,1066,1154,52579
2019,Victoria,784,960,1251,1328,86793
2019,Walker,768,906,1135,1591,67861
2019,Waller,907,1104,1509,1897,43205
2019,Ward,591,728,918,1122,10658
2019,Washington,744,852,1067,1497,33718
2019,Webb,676,857,1130,1307,250304
2019,Wharton,632,772,971,1317,41280
2019,Wheeler,611,700,877,1079,5410
2019,Wichita,599,772,1069,1356,131500
2019,Wilbarger,605,700,1012,1230,13535
2019,Willacy,557,700,943,981,22134
2019,Williamson,1086,1315,1734,2099,422679
2019,Wilson,844,1050,1379,1689,42918
2019,Winkler,557,700,1012,1079,7110
2019,Wise,857,1020,1278,1438,59127
2019,Wood,599,761,1043,1299,41964
2019,Yoakum,611,700,877,1079,7879
2019,Young,529,700,951,1079,18550
2019,Zapata,611,700,1012,1079,14018
2019,Zavala,611,700,877,1079,11677
2017,Anderson,613,723,949,1274,58458
2017,Andrews,759,1009,1262,1599,14786
2017,Angelina,693,799,1059,1123,86771
2017,Aransas,722,833,1213,1383,23158
2017,Archer,601,761,1063,1341,9054
2017,Armstrong,632,828,1088,1306,1901
2017,Atascosa,594,789,1033,1168,44911
2017,Austin,663,877,1112,1545,28417
2017,Bailey,538,681,991,1079,7165
2017,Bandera,768,964,1273,1529,20485
2017,Bastrop,968,1195,1619,1948,74171
2017,Baylor,512,681,852,1079,3726
2017,Bee,655,828,1205,1292,31861
2017,Bell,594,789,1117,1390,310235
2017,Bexar,768,964,1273,1529,1714773
2017,Blanco,661,879,1213,1549,10497
2017,Borden,584,739,975,1171,641
2017,Bosque,541,704,881,970,18212
2017,Bowie,573,720,920,1012,92565
2017,Brazoria,824,974,1283,1716,313166
2017,Brazos,699,845,1230,1489,194851
2017,Brewster,585,778,973,1233,9232
2017,Briscoe,538,681,861,1079,1637
2017,Brooks,538,681,888,1079,7223
2017,Brown,594,714,981,1125,38106
2017,Burleson,699,845,1230,1489,17187
2017,Burnet,685,810,1179,1427,42750
2017,Caldwell,968,1195,1619,1948,38066
2017,Calhoun,712,852,1066,1351,21381
2017,Callahan,617,820,1026,1366,13544
2017,Cameron,536,695,917,1080,406220
2017,Camp,593,684,996,1084,12401
2017,Carson,632,828,1088,1306,6182
2017,Cass,512,681,949,1200,30464
2017,Castro,581,737,922,1168,8062
2017,Chambers,797,976,1333,1690,35096
2017,Cherokee,567,754,989,1106,50845
2017,Childress,619,714,1039,1132,7041
2017,Clay,601,761,1063,1341,10752
2017,Cochran,512,681,991,1079,3127
2017,Coke,525,698,873,1106,3320
2017,Coleman,512,681,991,1141,8895
2017,Collin,837,1031,1390,1774,782341
2017,Collingsworth,538,681,852,1079,3057
2017,Colorado,547,681,991,1200,20874
2017,Comal,768,964,1273,1529,108472
2017,Comanche,518,681,922,1079,13974
2017,Concho,909,1151,1519,1824,4087
2017,Cooke,628,835,1045,1151,38437
2017,Coryell,594,789,1117,1390,75388
2017,Cottle,538,681,899,1079,1505
2017,Crane,538,681,926,1079,4375
2017,Crockett,590,681,991,1079,3719
2017,Crosby,636,789,1149,1390,6059
2017,Culberson,590,681,899,1079,2398
2017,Dallam,693,800,1165,1268,6703
2017,Dallas,837,1031,1390,1774,2368139
2017,Dawson,515,681,991,1079,13833
2017,Deaf,564,750,965,1034,19372
2017,Delta,529,703,1023,1239,5231
2017,Denton,837,1031,1390,1774,662614
2017,DeWitt,556,687,969,1089,20097
2017,Dickens,567,681,899,1079,2444
2017,Dimmit,547,693,867,1098,9996
2017,Donley,512,681,919,1079,3677
2017,Duval,621,786,983,1246,11782
2017,Eastland,512,681,852,939,18583
2017,Ector,1066,1315,1645,2125,137130
2017,Edwards,538,681,899,1079,2002
2017,Ellis,837,1031,1390,1774,149610
2017,El,685,834,1203,1435,800647
2017,Erath,655,804,1034,1108,37890
2017,Falls,512,681,863,1118,17866
2017,Fannin,522,694,975,1131,33915
2017,Fayette,534,710,1034,1125,24554
2017,Fisher,538,681,893,1079,3974
2017,Floyd,590,681,937,1115,6446
2017,Foard,538,681,991,1079,1336
2017,Fort,797,976,1333,1690,585375
2017,Franklin,538,681,859,1200,10605
2017,Freestone,553,681,991,1079,19816
2017,Frio,513,682,930,1081,17217
2017,Gaines,538,681,991,1200,17526
2017,Galveston,797,976,1333,1690,291309
2017,Garza,538,681,991,1079,6461
2017,Gillespie,735,975,1282,1545,24837
2017,Glasscock,584,739,975,1171,1226
2017,Goliad,742,918,1245,1310,7210
2017,Gonzales,515,684,872,1084,19807
2017,Gray,639,752,943,1192,22535
2017,Grayson,625,795,1085,1217,120877
2017,Gregg,720,855,1090,1377,121730
2017,Grimes,518,688,947,948,26604
2017,Guadalupe,768,964,1273,1529,131533
2017,Hale,560,681,962,1079,36273
2017,Hall,557,681,991,1079,3353
2017,Hamilton,539,716,909,1166,8517
2017,Hansford,565,715,894,1133,5613
2017,Hardeman,532,707,933,1120,4139
2017,Hardin,685,832,1071,1171,54635
2017,Harris,797,976,1333,1690,4092459
2017,Harrison,676,805,1070,1189,65631
2017,Hartley,701,809,1031,1282,6062
2017,Haskell,538,681,852,1079,5899
2017,Hays,968,1195,1619,1948,157107
2017,Hemphill,590,681,934,1200,3807
2017,Henderson,562,707,941,1089,78532
2017,Hidalgo,566,734,918,1092,774769
2017,Hill,591,785,982,1136,35089
2017,Hockley,609,809,1012,1282,22935
2017,Hood,663,881,1195,1552,51182
2017,Hopkins,593,777,972,1289,35161
2017,Houston,555,737,952,1016,23732
2017,Howard,666,853,1067,1212,35012
2017,Hudspeth,734,888,1111,1528,3476
2017,Hunt,837,1031,1390,1774,86129
2017,Hutchinson,579,769,975,1355,22150
2017,Irion,758,974,1378,1539,1599
2017,Jack,717,908,1136,1252,9044
2017,Jackson,631,798,1117,1300,14075
2017,Jasper,581,772,966,1064,35710
2017,Jeff,847,1072,1415,1478,2342
2017,Jefferson,685,832,1071,1171,252273
2017,Jim,556,681,898,1079,5300
2017,Jim,621,826,1033,1139,40838
2017,Johnson,770,973,1338,1702,150934
2017,Jones,617,820,1026,1366,20202
2017,Karnes,518,688,992,1144,14824
2017,Kaufman,837,1031,1390,1774,103350
2017,Kendall,906,1106,1508,1949,33410
2017,Kenedy,668,846,1117,1341,416
2017,Kent,538,681,899,1079,808
2017,Kerr,755,871,1133,1201,49625
2017,Kimble,588,745,932,1181,4607
2017,King,793,1004,1256,1591,286
2017,Kinney,570,757,951,1200,3598
2017,Kleberg,593,776,1130,1367,32061
2017,Knox,538,681,899,1079,3719
2017,Lamar,616,713,1000,1256,49793
2017,Lamb,522,681,869,983,13977
2017,Lampasas,543,681,991,1175,19677
2017,La,596,754,1098,1195,6886
2017,Lavaca,513,682,980,1081,19263
2017,Lee,634,802,1167,1271,16612
2017,Leon,512,681,874,1088,16801
2017,Liberty,797,976,1333,1690,75643
2017,Limestone,630,837,1047,1326,23384
2017,Lipscomb,596,688,861,948,3302
2017,Live,538,681,991,1079,11531
2017,Llano,623,765,1040,1212,19301
2017,Loving,584,739,975,1171,82
2017,Lubbock,636,789,1149,1390,278831
2017,Lynn,572,700,961,965,5915
2017,McCulloch,538,681,899,1079,8283
2017,McLennan,617,811,1108,1345,234906
2017,McMullen,584,739,975,1171,707
2017,Madison,528,702,1012,1113,13664
2017,Marion,538,681,852,1079,10546
2017,Martin,601,751,1031,1035,4799
2017,Mason,837,1060,1326,1680,4012
2017,Matagorda,608,741,927,1256,36702
2017,Maverick,611,723,905,1146,54258
2017,Medina,531,706,1028,1138,46006
2017,Menard,611,773,1020,1225,2242
2017,Midland,1206,1520,1902,2095,136872
2017,Milam,554,715,947,1260,24757
2017,Mills,561,746,933,1182,4936
2017,Mitchell,512,681,852,1079,9403
2017,Montague,711,866,1191,1372,19719
2017,Montgomery,797,976,1333,1690,455746
2017,Moore,576,741,927,1242,21904
2017,Morris,550,681,991,1200,12934
2017,Motley,538,681,899,1079,1210
2017,Nacogdoches,672,812,1016,1374,64524
2017,Navarro,638,789,987,1167,47735
2017,Newton,560,681,959,962,14445
2017,Nolan,565,681,868,1079,15216
2017,Nueces,790,991,1315,1511,340223
2017,Ochiltree,648,748,936,1318,10223
2017,Oldham,717,942,1236,1441,2052
2017,Orange,685,832,1071,1171,81837
2017,Palo,586,776,1036,1230,28111
2017,Panola,524,696,881,1204,23796
2017,Parker,770,973,1338,1702,116927
2017,Parmer,590,681,918,1079,10269
2017,Pecos,640,754,951,1195,15507
2017,Polk,561,745,963,1313,45413
2017,Potter,632,828,1088,1306,121073
2017,Presidio,590,681,991,1079,7818
2017,Rains,538,681,991,1079,10914
2017,Randall,632,828,1088,1306,120725
2017,Reagan,590,681,986,1079,3367
2017,Real,590,681,991,1079,3309
2017,Red,512,681,926,1104,12860
2017,Reeves,544,681,913,1079,13783
2017,Refugio,630,727,962,1152,7383
2017,Roberts,584,739,975,1171,929
2017,Robertson,699,845,1230,1489,16622
2017,Rockwall,837,1031,1390,1774,78337
2017,Runnels,514,683,869,941,10501
2017,Rusk,546,726,971,1001,53330
2017,Sabine,538,715,894,1133,10834
2017,San,542,721,972,1143,8865
2017,San,512,681,935,939,26384
2017,San,790,991,1315,1511,64804
2017,San,538,681,991,1200,6131
2017,Schleicher,512,681,991,1079,3461
2017,Scurry,662,838,1091,1477,16921
2017,Shackelford,590,681,991,1200,3378
2017,Shelby,512,681,876,961,25448
2017,Sherman,529,681,959,1079,3034
2017,Smith,696,853,1127,1232,209714
2017,Somervell,551,681,922,1177,8490
2017,Starr,530,681,879,1079,60968
2017,Stephens,512,681,935,939,9630
2017,Sterling,594,752,941,1192,1143
2017,Stonewall,538,681,899,1079,1490
2017,Sutton,590,681,934,1079,4128
2017,Swisher,528,681,888,1079,7854
2017,Tarrant,770,973,1338,1702,1809034
2017,Taylor,617,820,1026,1366,131506
2017,Terrell,582,737,1036,1168,984
2017,Terry,548,729,1061,1155,12651
2017,Throckmorton,538,681,899,1079,1641
2017,Titus,541,719,900,1267,32334
2017,Tom,758,974,1378,1539,110224
2017,Travis,968,1195,1619,1948,1024266
2017,Trinity,565,751,949,1314,14585
2017,Tyler,565,689,1003,1009,21766
2017,Upshur,720,855,1090,1377,39309
2017,Upton,538,681,991,1079,3355
2017,Uvalde,602,695,945,1101,26405
2017,Val,579,743,1082,1133,48879
2017,Van,564,750,1015,1088,52579
2017,Victoria,742,918,1245,1310,86793
2017,Walker,813,938,1251,1653,67861
2017,Waller,797,976,1333,1690,43205
2017,Ward,608,702,918,1113,10658
2017,Washington,718,828,1036,1459,33718
2017,Webb,639,815,1078,1235,250304
2017,Wharton,646,795,995,1138,41280
2017,Wheeler,558,681,852,1079,5410
2017,Wichita,601,761,1063,1341,131500
2017,Wilbarger,525,681,991,1200,13535
2017,Willacy,538,681,991,1079,22134
2017,Williamson,968,1195,1619,1948,422679
2017,Wilson,768,964,1273,1529,42918
2017,Winkler,538,681,852,1079,7110
2017,Wise,685,910,1138,1254,59127
2017,Wood,571,743,1018,1309,41964
2017,Yoakum,538,681,852,1079,7879
2017,Young,525,698,899,962,18550
2017,Zapata,538,681,991,1079,14018
2017,Zavala,590,681,852,1079,11677
2016,Anderson,596,700,896,1222,58458
2016,Andrews,627,814,1172,1291,14786
2016,Angelina,627,726,953,1040,86771
2016,Aransas,667,838,1221,1463,23158
2016,Archer,608,769,1072,1343,9054
2016,Armstrong,622,814,1076,1281,1901
2016,Atascosa,551,728,943,1130,44911
2016,Austin,614,817,1070,1422,28417
2016,Bailey,521,658,865,1044,7165
2016,Bandera,739,929,1222,1430,20485
2016,Bastrop,902,1126,1523,1845,74171
2016,Baylor,492,658,865,1044,3726
2016,Bee,579,733,1068,1145,31861
2016,Bell,585,783,1117,1367,310235
2016,Bexar,739,929,1222,1430,1714773
2016,Blanco,595,789,1104,1378,10497
2016,Borden,548,691,908,1096,641
2016,Bosque,548,658,885,951,18212
2016,Bowie,563,712,893,976,92565
2016,Brazoria,707,870,1149,1519,313166
2016,Brazos,703,862,1250,1449,194851
2016,Brewster,565,756,938,1199,9232
2016,Briscoe,521,658,830,1044,1637
2016,Brooks,521,658,842,1044,7223
2016,Brown,551,689,915,1195,38106
2016,Burleson,703,862,1250,1449,17187
2016,Burnet,605,755,1100,1318,42750
2016,Caldwell,902,1126,1523,1845,38066
2016,Calhoun,628,784,994,1237,21381
2016,Callahan,590,786,975,1333,13544
2016,Cameron,523,678,878,1024,406220
2016,Camp,569,658,932,986,12401
2016,Carson,622,814,1076,1281,6182
2016,Cass,492,658,899,1149,30464
2016,Castro,593,748,928,1186,8062
2016,Chambers,773,948,1291,1650,35096
2016,Cherokee,516,691,942,1003,50845
2016,Childress,583,675,984,1071,7041
2016,Clay,608,769,1072,1343,10752
2016,Cochran,492,658,959,1044,3127
2016,Coke,492,658,817,1044,3320
2016,Coleman,492,658,959,1149,8895
2016,Collin,796,986,1337,1692,782341
2016,Collingsworth,570,719,945,1140,3057
2016,Colorado,504,658,959,1149,20874
2016,Comal,739,929,1222,1430,108472
2016,Comanche,492,658,880,902,13974
2016,Concho,853,1077,1416,1708,4087
2016,Cooke,614,822,1023,1127,38437
2016,Coryell,585,783,1117,1367,75388
2016,Cottle,521,658,865,1044,1505
2016,Crane,521,658,817,1044,4375
2016,Crockett,569,658,865,1044,3719
2016,Crosby,627,798,1163,1393,6059
2016,Culberson,521,658,865,1044,2398
2016,Dallam,569,658,959,1044,6703
2016,Dallas,796,986,1337,1692,2368139
2016,Dawson,509,658,959,1044,13833
2016,Deaf,550,699,948,1067,19372
2016,Delta,521,658,958,1149,5231
2016,Denton,796,986,1337,1692,662614
2016,DeWitt,536,658,932,1044,20097
2016,Dickens,492,658,865,1044,2444
2016,Dimmit,569,658,886,902,9996
2016,Donley,492,658,825,1044,3677
2016,Duval,592,747,927,1185,11782
2016,Eastland,492,658,817,945,18583
2016,Ector,844,1024,1271,1550,137130
2016,Edwards,521,658,865,1044,2002
2016,Ellis,796,986,1337,1692,149610
2016,El,669,817,1164,1386,800647
2016,Erath,618,756,961,1066,37890
2016,Falls,492,658,825,1092,17866
2016,Fannin,529,708,990,1136,33915
2016,Fayette,509,681,992,1080,24554
2016,Fisher,492,658,859,1044,3974
2016,Floyd,569,658,959,1149,6446
2016,Foard,521,658,959,1044,1336
2016,Fort,773,948,1291,1650,585375
2016,Franklin,492,658,898,1149,10605
2016,Freestone,492,658,868,1044,19816
2016,Frio,498,667,936,1058,17217
2016,Gaines,521,658,959,1044,17526
2016,Galveston,773,948,1291,1650,291309
2016,Garza,521,658,959,1044,6461
2016,Gillespie,715,928,1193,1472,24837
2016,Glasscock,548,691,908,1096,1226
2016,Goliad,685,856,1140,1298,7210
2016,Gonzales,492,658,936,1044,19807
2016,Gray,569,658,854,1044,22535
2016,Grayson,625,788,1072,1211,120877
2016,Gregg,651,781,988,1279,121730
2016,Grimes,492,658,914,1044,26604
2016,Guadalupe,739,929,1222,1430,131533
2016,Hale,519,658,917,1044,36273
2016,Hall,534,658,959,1044,3353
2016,Hamilton,522,699,934,1164,8517
2016,Hansford,527,665,838,931,5613
2016,Hardeman,581,733,910,1163,4139
2016,Hardin,661,805,1036,1103,54635
2016,Harris,773,948,1291,1650,4092459
2016,Harrison,558,680,900,1041,65631
2016,Hartley,597,753,990,1194,6062
2016,Haskell,521,658,937,1044,5899
2016,Hays,902,1126,1523,1845,157107
2016,Hemphill,569,658,865,1044,3807
2016,Henderson,683,849,1143,1322,78532
2016,Hidalgo,561,729,905,1099,774769
2016,Hill,536,717,910,1059,35089
2016,Hockley,592,793,984,1087,22935
2016,Hood,614,822,1096,1435,51182
2016,Hopkins,545,729,906,1182,35161
2016,Houston,495,662,900,917,23732
2016,Howard,603,752,968,1085,35012
2016,Hudspeth,618,725,900,1257,3476
2016,Hunt,796,986,1337,1692,86129
2016,Hutchinson,523,700,869,1222,22150
2016,Irion,681,881,1246,1375,1599
2016,Jack,732,847,1051,1237,9044
2016,Jackson,545,729,981,1273,14075
2016,Jasper,575,770,956,1055,35710
2016,Jeff,788,994,1307,1577,2342
2016,Jefferson,661,805,1036,1103,252273
2016,Jim,533,658,864,1044,5300
2016,Jim,597,777,964,1065,40838
2016,Johnson,718,913,1249,1562,150934
2016,Jones,590,786,975,1333,20202
2016,Karnes,523,658,959,1111,14824
2016,Kaufman,796,986,1337,1692,103350
2016,Kendall,855,1025,1494,1790,33410
2016,Kenedy,627,791,1040,1255,416
2016,Kent,548,691,908,1096,808
2016,Kerr,684,817,1088,1296,49625
2016,Kimble,533,672,834,921,4607
2016,King,745,940,1236,1491,286
2016,Kinney,492,658,865,1044,3598
2016,Kleberg,572,753,1097,1315,32061
2016,Knox,521,658,899,1044,3719
2016,Lamar,570,664,952,1159,49793
2016,Lamb,524,658,876,1031,13977
2016,Lampasas,556,658,959,1068,19677
2016,La,565,713,1039,1131,6886
2016,Lavaca,494,658,939,1149,19263
2016,Lee,569,658,899,902,16612
2016,Leon,492,658,852,1063,16801
2016,Liberty,773,948,1291,1650,75643
2016,Limestone,577,772,958,1225,23384
2016,Lipscomb,581,673,835,922,3302
2016,Live,521,658,938,1044,11531
2016,Llano,619,747,1089,1185,19301
2016,Loving,548,691,908,1096,82
2016,Lubbock,627,798,1163,1393,278831
2016,Lynn,533,658,899,902,5915
2016,McCulloch,521,658,865,1044,8283
2016,McLennan,584,779,1055,1247,234906
2016,McMullen,548,691,908,1096,707
2016,Madison,492,658,959,1044,13664
2016,Marion,521,658,817,1044,10546
2016,Martin,525,658,883,902,4799
2016,Mason,794,1002,1317,1589,4012
2016,Matagorda,536,704,874,1217,36702
2016,Maverick,569,658,829,1044,54258
2016,Medina,492,658,955,1061,46006
2016,Menard,521,658,903,1044,2242
2016,Midland,982,1256,1559,1722,136872
2016,Milam,513,669,923,1061,24757
2016,Mills,528,658,875,1044,4936
2016,Mitchell,492,658,817,1044,9403
2016,Montague,610,706,964,968,19719
2016,Montgomery,773,948,1291,1650,455746
2016,Moore,513,676,839,1150,21904
2016,Morris,492,658,959,1149,12934
2016,Motley,521,658,865,1044,1210
2016,Nacogdoches,629,774,960,1266,64524
2016,Navarro,571,748,928,1059,47735
2016,Newton,569,658,899,902,14445
2016,Nolan,569,658,846,1044,15216
2016,Nueces,792,996,1311,1487,340223
2016,Ochiltree,631,743,944,1297,10223
2016,Oldham,549,735,954,1283,2052
2016,Orange,661,805,1036,1103,81837
2016,Palo,574,768,1036,1218,28111
2016,Panola,492,659,822,1148,23796
2016,Parker,718,913,1249,1562,116927
2016,Parmer,569,658,860,1044,10269
2016,Pecos,569,700,869,1110,15507
2016,Polk,524,702,963,1226,45413
2016,Potter,622,814,1076,1281,121073
2016,Presidio,569,658,959,1044,7818
2016,Rains,492,658,959,1044,10914
2016,Randall,622,814,1076,1281,120725
2016,Reagan,521,658,940,1044,3367
2016,Real,521,658,959,1044,3309
2016,Red,492,658,903,1090,12860
2016,Reeves,522,658,840,1044,13783
2016,Refugio,538,658,872,1044,7383
2016,Roberts,548,691,908,1096,929
2016,Robertson,703,862,1250,1449,16622
2016,Rockwall,796,986,1337,1692,78337
2016,Runnels,499,658,893,1044,10501
2016,Rusk,495,662,877,907,53330
2016,Sabine,528,666,826,1056,10834
2016,San,492,658,857,1123,8865
2016,San,492,658,901,902,26384
2016,San,792,996,1311,1487,64804
2016,San,521,658,959,1044,6131
2016,Schleicher,492,658,959,1044,3461
2016,Scurry,595,796,1050,1390,16921
2016,Shackelford,569,658,959,1149,3378
2016,Shelby,492,658,829,996,25448
2016,Sherman,521,658,866,1044,3034
2016,Smith,692,846,1111,1160,209714
2016,Somervell,531,658,959,1129,8490
2016,Starr,512,658,848,1009,60968
2016,Stephens,492,658,872,902,9630
2016,Sterling,603,698,866,1107,1143
2016,Stonewall,521,658,865,1044,1490
2016,Sutton,561,658,832,1044,4128
2016,Swisher,521,658,875,1044,7854
2016,Tarrant,718,913,1249,1562,1809034
2016,Taylor,590,786,975,1333,131506
2016,Terrell,521,658,925,1044,984
2016,Terry,492,659,939,1045,12651
2016,Throckmorton,548,691,908,1096,1641
2016,Titus,492,658,839,1149,32334
2016,Tom,681,881,1246,1375,110224
2016,Travis,902,1126,1523,1845,1024266
2016,Trinity,495,662,905,1156,14585
2016,Tyler,551,658,959,963,21766
2016,Upshur,651,781,988,1279,39309
2016,Upton,521,658,959,1044,3355
2016,Uvalde,569,658,904,1044,26405
2016,Val,525,674,982,1069,48879
2016,Van,550,736,972,1039,52579
2016,Victoria,685,856,1140,1298,86793
2016,Walker,717,830,1118,1138,67861
2016,Waller,773,948,1291,1650,43205
2016,Ward,569,658,823,1044,10658
2016,Washington,631,730,934,1242,33718
2016,Webb,585,756,996,1109,250304
2016,Wharton,578,749,929,1027,41280
2016,Wheeler,531,707,877,1121,5410
2016,Wichita,608,769,1072,1343,131500
2016,Wilbarger,497,658,959,1149,13535
2016,Willacy,492,658,959,1149,22134
2016,Williamson,902,1126,1523,1845,422679
2016,Wilson,739,929,1222,1430,42918
2016,Winkler,492,658,817,1044,7110
2016,Wise,674,902,1119,1236,59127
2016,Wood,531,711,950,1241,41964
2016,Yoakum,521,658,817,1044,7879
2016,Young,516,690,856,946,18550
2016,Zapata,521,658,959,1044,14018
2016,Zavala,554,658,817,902,11677
2015,Anderson,544,645,843,1142,58458
2015,Andrews,593,766,1129,1133,14786
2015,Angelina,572,692,905,1019,86771
2015,Aransas,545,737,1086,1148,23158
2015,Archer,570,712,1009,1155,9054
2015,Armstrong,567,745,1017,1064,1901
2015,Atascosa,535,701,938,1067,44911
2015,Austin,563,739,1089,1247,28417
2015,Bailey,500,643,801,933,7165
2015,Bandera,695,872,1137,1247,20485
2015,Bastrop,834,1050,1421,1723,74171
2015,Baylor,475,643,801,933,3726
2015,Bee,548,662,975,1073,31861
2015,Bell,579,771,1136,1289,310235
2015,Bexar,695,872,1137,1247,1714773
2015,Blanco,549,743,925,993,10497
2015,Borden,506,651,811,944,641
2015,Bosque,495,643,944,1063,18212
2015,Bowie,622,764,952,1021,92565
2015,Brazoria,650,835,1151,1420,313166
2015,Brazos,651,803,1161,1392,194851
2015,Brewster,551,746,929,1082,9232
2015,Briscoe,500,643,857,933,1637
2015,Brooks,542,643,948,951,7223
2015,Brown,482,652,836,1155,38106
2015,Burleson,651,803,1161,1392,17187
2015,Burnet,511,692,1020,1226,42750
2015,Caldwell,834,1050,1421,1723,38066
2015,Calhoun,528,714,892,1121,21381
2015,Callahan,651,877,1111,1416,13544
2015,Cameron,526,656,859,955,406220
2015,Camp,542,643,831,948,12401
2015,Carson,567,745,1017,1064,6182
2015,Cass,504,643,885,1139,30464
2015,Castro,542,643,801,927,8062
2015,Chambers,721,890,1215,1502,35096
2015,Cherokee,535,643,836,898,50845
2015,Childress,542,643,801,933,7041
2015,Clay,570,712,1009,1155,10752
2015,Cochran,475,643,948,951,3127
2015,Coke,475,643,801,933,3320
2015,Coleman,475,643,948,1139,8895
2015,Collin,728,921,1229,1484,782341
2015,Collingsworth,516,664,978,982,3057
2015,Colorado,475,643,923,1138,20874
2015,Comal,695,872,1137,1247,108472
2015,Comanche,475,643,801,933,13974
2015,Concho,749,1013,1262,1469,4087
2015,Cooke,579,784,1024,1048,38437
2015,Coryell,579,771,1136,1289,75388
2015,Cottle,523,643,948,951,1505
2015,Crane,500,643,801,933,4375
2015,Crockett,475,643,948,951,3719
2015,Crosby,575,756,1103,1271,6059
2015,Culberson,500,643,920,933,2398
2015,Dallam,542,643,939,942,6703
2015,Dallas,728,921,1229,1484,2368139
2015,Dawson,536,643,948,951,13833
2015,Deaf,475,643,896,899,19372
2015,Delta,728,921,1229,1484,5231
2015,Denton,728,921,1229,1484,662614
2015,DeWitt,475,643,801,933,20097
2015,Dickens,500,643,801,933,2444
2015,Dimmit,542,643,801,859,9996
2015,Donley,475,643,801,933,3677
2015,Duval,593,703,876,1020,11782
2015,Eastland,475,643,801,1131,18583
2015,Ector,795,1023,1302,1367,137130
2015,Edwards,500,643,801,933,2002
2015,Ellis,728,921,1229,1484,149610
2015,El,643,794,1125,1350,800647
2015,Erath,547,718,964,968,37890
2015,Falls,475,643,887,891,17866
2015,Fannin,480,649,892,1051,33915
2015,Fayette,475,643,812,859,24554
2015,Fisher,475,643,948,951,3974
2015,Floyd,542,643,948,1108,6446
2015,Foard,500,643,948,951,1336
2015,Fort,721,890,1215,1502,585375
2015,Franklin,475,643,948,1139,10605
2015,Freestone,509,689,858,999,19816
2015,Frio,542,643,948,1139,17217
2015,Gaines,475,643,904,962,17526
2015,Galveston,721,890,1215,1502,291309
2015,Garza,542,643,948,951,6461
2015,Gillespie,628,850,1059,1505,24837
2015,Glasscock,506,651,811,944,1226
2015,Goliad,587,742,924,1184,7210
2015,Gonzales,475,643,948,954,19807
2015,Gray,501,643,806,1021,22535
2015,Grayson,639,827,1113,1417,120877
2015,Gregg,565,693,863,1109,121730
2015,Grimes,516,646,861,937,26604
2015,Guadalupe,695,872,1137,1247,131533
2015,Hale,505,643,875,1067,36273
2015,Hall,500,643,948,951,3353
2015,Hamilton,501,678,999,1002,8517
2015,Hansford,542,643,850,956,5613
2015,Hardeman,556,715,890,1037,4139
2015,Hardin,610,757,992,1012,54635
2015,Harris,721,890,1215,1502,4092459
2015,Harrison,587,732,960,978,65631
2015,Hartley,484,655,909,950,6062
2015,Haskell,500,643,948,951,5899
2015,Hays,834,1050,1421,1723,157107
2015,Hemphill,530,643,801,933,3807
2015,Henderson,548,671,879,1085,78532
2015,Hidalgo,508,661,823,1005,774769
2015,Hill,511,692,939,999,35089
2015,Hockley,514,694,864,927,22935
2015,Hood,630,852,1141,1207,51182
2015,Hopkins,504,682,875,1101,35161
2015,Houston,475,643,919,922,23732
2015,Howard,494,668,866,992,35012
2015,Hudspeth,500,643,948,951,3476
2015,Hunt,728,921,1229,1484,86129
2015,Hutchinson,543,690,875,922,22150
2015,Irion,615,821,1139,1221,1599
2015,Jack,665,788,981,1396,9044
2015,Jackson,567,722,979,1279,14075
2015,Jasper,557,716,892,957,35710
2015,Jeff,542,643,857,933,2342
2015,Jefferson,610,757,992,1012,252273
2015,Jim,542,643,816,933,5300
2015,Jim,550,717,893,958,40838
2015,Johnson,690,893,1198,1426,150934
2015,Jones,651,877,1111,1416,20202
2015,Karnes,542,643,948,1139,14824
2015,Kaufman,728,921,1229,1484,103350
2015,Kendall,789,936,1379,1658,33410
2015,Kenedy,500,643,857,933,416
2015,Kent,500,643,801,933,808
2015,Kerr,630,797,1126,1130,49625
2015,Kimble,475,643,801,859,4607
2015,King,506,651,811,944,286
2015,Kinney,492,643,948,951,3598
2015,Kleberg,523,707,971,1252,32061
2015,Knox,500,643,801,859,3719
2015,Lamar,542,643,937,1114,49793
2015,Lamb,542,643,859,1035,13977
2015,Lampasas,547,648,955,1067,19677
2015,La,477,646,952,955,6886
2015,Lavaca,475,643,923,933,19263
2015,Lee,542,643,948,951,16612
2015,Leon,488,643,836,1004,16801
2015,Liberty,721,890,1215,1502,75643
2015,Limestone,568,755,1063,1072,23384
2015,Lipscomb,475,643,801,859,3302
2015,Live,542,643,801,859,11531
2015,Llano,502,679,1001,1004,19301
2015,Loving,506,651,868,944,82
2015,Lubbock,575,756,1103,1271,278831
2015,Lynn,542,643,948,951,5915
2015,McCulloch,475,643,935,938,8283
2015,McLennan,566,766,1003,1122,234906
2015,McMullen,506,651,959,963,707
2015,Madison,542,643,948,951,13664
2015,Marion,475,643,801,933,10546
2015,Martin,542,643,801,933,4799
2015,Mason,500,643,948,951,4012
2015,Matagorda,517,699,947,1238,36702
2015,Maverick,542,643,914,933,54258
2015,Medina,495,670,885,958,46006
2015,Menard,479,643,872,933,2242
2015,Midland,890,1160,1445,1603,136872
2015,Milam,507,643,948,1139,24757
2015,Mills,501,643,948,1139,4936
2015,Mitchell,542,643,924,1139,9403
2015,Montague,475,643,905,909,19719
2015,Montgomery,721,890,1215,1502,455746
2015,Moore,536,661,823,1096,21904
2015,Morris,483,643,922,933,12934
2015,Motley,500,643,801,933,1210
2015,Nacogdoches,580,728,907,973,64524
2015,Navarro,550,721,904,968,47735
2015,Newton,533,643,801,859,14445
2015,Nolan,542,643,948,1139,15216
2015,Nueces,699,896,1187,1396,340223
2015,Ochiltree,566,671,945,973,10223
2015,Oldham,570,676,996,1197,2052
2015,Orange,610,757,992,1012,81837
2015,Palo,531,719,963,1010,28111
2015,Panola,475,643,821,1139,23796
2015,Parker,690,893,1198,1426,116927
2015,Parmer,542,643,843,1088,10269
2015,Pecos,531,643,850,1139,15507
2015,Polk,480,645,945,1087,45413
2015,Potter,567,745,1017,1064,121073
2015,Presidio,542,643,948,951,7818
2015,Rains,475,643,948,951,10914
2015,Randall,567,745,1017,1064,120725
2015,Reagan,522,643,802,933,3367
2015,Real,475,643,948,951,3309
2015,Red,475,643,842,1139,12860
2015,Reeves,511,643,948,1139,13783
2015,Refugio,475,643,920,933,7383
2015,Roberts,506,651,811,944,929
2015,Robertson,651,803,1161,1392,16622
2015,Rockwall,728,921,1229,1484,78337
2015,Runnels,542,643,948,1139,10501
2015,Rusk,477,643,850,1028,53330
2015,Sabine,542,643,948,951,10834
2015,San,475,643,801,1111,8865
2015,San,721,890,1215,1502,26384
2015,San,699,896,1187,1396,64804
2015,San,475,643,875,1139,6131
2015,Schleicher,475,643,801,933,3461
2015,Scurry,525,710,1046,1050,16921
2015,Shackelford,500,643,948,951,3378
2015,Shelby,475,643,801,933,25448
2015,Sherman,542,643,888,933,3034
2015,Smith,698,828,1099,1107,209714
2015,Somervell,542,643,948,1139,8490
2015,Starr,475,643,801,1025,60968
2015,Stephens,528,714,932,1036,9630
2015,Sterling,567,672,964,975,1143
2015,Stonewall,511,643,940,943,1490
2015,Sutton,524,643,823,933,4128
2015,Swisher,475,643,864,933,7854
2015,Tarrant,690,893,1198,1426,1809034
2015,Taylor,651,877,1111,1416,131506
2015,Terrell,555,658,877,955,984
2015,Terry,491,643,823,933,12651
2015,Throckmorton,500,643,948,951,1641
2015,Titus,503,643,805,925,32334
2015,Tom,615,821,1139,1221,110224
2015,Travis,834,1050,1421,1723,1024266
2015,Trinity,536,643,948,1139,14585
2015,Tyler,498,643,948,951,21766
2015,Upshur,565,693,863,1109,39309
2015,Upton,542,643,872,933,3355
2015,Uvalde,542,643,883,933,26405
2015,Val,483,654,948,951,48879
2015,Van,521,705,912,942,52579
2015,Victoria,587,742,924,1184,86793
2015,Walker,621,736,1000,1003,67861
2015,Waller,721,890,1215,1502,43205
2015,Ward,542,643,801,859,10658
2015,Washington,621,742,944,992,33718
2015,Webb,618,777,1021,1057,250304
2015,Wharton,497,673,889,899,41280
2015,Wheeler,558,661,950,959,5410
2015,Wichita,570,712,1009,1155,131500
2015,Wilbarger,480,649,882,941,13535
2015,Willacy,475,643,853,1139,22134
2015,Williamson,834,1050,1421,1723,422679
2015,Wilson,695,872,1137,1247,42918
2015,Winkler,475,643,948,951,7110
2015,Wise,619,838,1044,1120,59127
2015,Wood,485,656,882,1119,41964
2015,Yoakum,508,654,885,949,7879
2015,Young,492,666,854,890,18550
2015,Zapata,475,643,801,933,14018
2015,Zavala,542,643,948,951,11677
2014,Anderson,565,670,875,1187,58458
2014,Andrews,493,637,939,942,14786
2014,Angelina,589,713,933,1050,86771
2014,Aransas,519,702,1034,1093,23158
2014,Archer,570,712,1009,1155,9054
2014,Armstrong,560,736,1004,1051,1901
2014,Atascosa,526,689,922,1049,44911
2014,Austin,533,700,1031,1181,28417
2014,Bailey,508,654,815,949,7165
2014,Bandera,683,857,1117,1226,20485
2014,Bastrop,853,1074,1454,1762,74171
2014,Baylor,471,637,793,924,3726
2014,Bee,547,661,974,1071,31861
2014,Bell,551,734,1082,1227,310235
2014,Bexar,683,857,1117,1226,1714773
2014,Blanco,595,805,1003,1076,10497
2014,Borden,507,653,813,947,641
2014,Bosque,491,637,935,1053,18212
2014,Bowie,573,704,877,941,92565
2014,Brazoria,644,828,1141,1408,313166
2014,Brazos,704,868,1255,1505,194851
2014,Brewster,549,743,925,1078,9232
2014,Briscoe,495,637,849,924,1637
2014,Brooks,537,637,939,942,7223
2014,Brown,494,669,858,1185,38106
2014,Burleson,704,868,1255,1505,17187
2014,Burnet,504,682,1005,1208,42750
2014,Caldwell,853,1074,1454,1762,38066
2014,Calhoun,525,710,887,1114,21381
2014,Callahan,586,790,1000,1276,13544
2014,Cameron,542,676,885,984,406220
2014,Camp,537,637,824,939,12401
2014,Carson,560,736,1004,1051,6182
2014,Cass,499,637,877,1128,30464
2014,Castro,537,637,793,919,8062
2014,Chambers,750,926,1264,1563,35096
2014,Cherokee,530,637,828,890,50845
2014,Childress,560,664,827,963,7041
2014,Clay,570,712,1009,1155,10752
2014,Cochran,471,637,939,942,3127
2014,Coke,471,637,793,924,3320
2014,Coleman,471,637,939,1128,8895
2014,Collin,722,913,1218,1471,782341
2014,Collingsworth,495,637,939,942,3057
2014,Colorado,471,637,914,1127,20874
2014,Comal,683,857,1117,1226,108472
2014,Comanche,471,637,793,924,13974
2014,Concho,752,1017,1267,1475,4087
2014,Cooke,601,813,1062,1086,38437
2014,Coryell,551,734,1082,1227,75388
2014,Cottle,518,637,939,942,1505
2014,Crane,580,746,929,1082,4375
2014,Crockett,471,637,939,942,3719
2014,Crosby,589,774,1130,1301,6059
2014,Culberson,495,637,912,924,2398
2014,Dallam,537,637,930,934,6703
2014,Dallas,722,913,1218,1471,2368139
2014,Dawson,531,637,939,942,13833
2014,Deaf,472,638,889,892,19372
2014,Delta,722,913,1218,1471,5231
2014,Denton,722,913,1218,1471,662614
2014,DeWitt,471,637,793,924,20097
2014,Dickens,495,637,793,924,2444
2014,Dimmit,537,637,793,851,9996
2014,Donley,471,637,793,924,3677
2014,Duval,597,708,882,1027,11782
2014,Eastland,471,637,793,1121,18583
2014,Ector,771,992,1263,1326,137130
2014,Edwards,495,637,793,924,2002
2014,Ellis,722,913,1218,1471,149610
2014,El,605,747,1059,1270,800647
2014,Erath,528,694,932,935,37890
2014,Falls,481,651,899,902,17866
2014,Fannin,482,652,896,1056,33915
2014,Fayette,488,660,833,882,24554
2014,Fisher,471,637,939,942,3974
2014,Floyd,537,637,939,1098,6446
2014,Foard,495,637,939,942,1336
2014,Fort,750,926,1264,1563,585375
2014,Franklin,471,637,939,1128,10605
2014,Freestone,580,785,978,1139,19816
2014,Frio,537,637,939,1128,17217
2014,Gaines,472,639,898,956,17526
2014,Galveston,750,926,1264,1563,291309
2014,Garza,537,637,939,942,6461
2014,Gillespie,647,875,1090,1550,24837
2014,Glasscock,507,653,813,947,1226
2014,Goliad,578,731,910,1166,7210
2014,Gonzales,471,637,939,945,19807
2014,Gray,497,637,799,1011,22535
2014,Grayson,623,806,1085,1381,120877
2014,Gregg,650,798,994,1277,121730
2014,Grimes,509,637,849,924,26604
2014,Guadalupe,683,857,1117,1226,131533
2014,Hale,500,637,867,1057,36273
2014,Hall,495,637,939,942,3353
2014,Hamilton,471,637,939,942,8517
2014,Hansford,537,637,842,947,5613
2014,Hardeman,501,645,803,936,4139
2014,Hardin,650,806,1056,1077,54635
2014,Harris,750,926,1264,1563,4092459
2014,Harrison,511,637,836,851,65631
2014,Hartley,471,637,884,924,6062
2014,Haskell,495,637,939,942,5899
2014,Hays,853,1074,1454,1762,157107
2014,Hemphill,578,701,873,1017,3807
2014,Henderson,560,686,899,1109,78532
2014,Hidalgo,503,655,816,996,774769
2014,Hill,517,700,950,1010,35089
2014,Hockley,527,711,886,950,22935
2014,Hood,631,854,1143,1209,51182
2014,Hopkins,521,705,905,1138,35161
2014,Houston,484,655,936,939,23732
2014,Howard,483,654,847,971,35012
2014,Hudspeth,495,637,939,942,3476
2014,Hunt,722,913,1218,1471,86129
2014,Hutchinson,559,710,901,949,22150
2014,Irion,547,730,1013,1085,1599
2014,Jack,562,666,829,1180,9044
2014,Jackson,591,752,1019,1332,14075
2014,Jasper,565,727,905,972,35710
2014,Jeff,537,637,849,924,2342
2014,Jefferson,650,806,1056,1077,252273
2014,Jim,537,637,808,924,5300
2014,Jim,584,760,947,1016,40838
2014,Johnson,725,938,1258,1498,150934
2014,Jones,586,790,1000,1276,20202
2014,Karnes,537,637,939,1128,14824
2014,Kaufman,722,913,1218,1471,103350
2014,Kendall,712,844,1244,1495,33410
2014,Kenedy,580,747,996,1084,416
2014,Kent,588,757,943,1098,808
2014,Kerr,623,788,1114,1118,49625
2014,Kimble,498,674,839,901,4607
2014,King,507,653,813,947,286
2014,Kinney,488,637,939,942,3598
2014,Kleberg,520,704,966,1247,32061
2014,Knox,495,637,793,851,3719
2014,Lamar,537,637,928,1104,49793
2014,Lamb,537,637,851,1026,13977
2014,Lampasas,537,637,939,1049,19677
2014,La,471,637,939,942,6886
2014,Lavaca,471,637,914,924,19263
2014,Lee,537,637,939,942,16612
2014,Leon,495,652,848,1018,16801
2014,Liberty,750,926,1264,1563,75643
2014,Limestone,567,753,1060,1070,23384
2014,Lipscomb,471,637,793,851,3302
2014,Live,537,637,793,851,11531
2014,Llano,471,637,939,942,19301
2014,Loving,507,653,871,947,82
2014,Lubbock,589,774,1130,1301,278831
2014,Lynn,537,637,939,942,5915
2014,McCulloch,471,637,926,930,8283
2014,McLennan,558,755,989,1106,234906
2014,McMullen,507,653,962,966,707
2014,Madison,537,637,939,942,13664
2014,Marion,471,637,793,924,10546
2014,Martin,537,637,793,924,4799
2014,Mason,495,637,939,942,4012
2014,Matagorda,530,717,972,1270,36702
2014,Maverick,537,637,906,924,54258
2014,Medina,512,693,916,991,46006
2014,Menard,475,637,864,924,2242
2014,Midland,717,935,1164,1292,136872
2014,Milam,502,637,939,1128,24757
2014,Mills,496,637,939,1128,4936
2014,Mitchell,537,637,916,1128,9403
2014,Montague,489,662,932,935,19719
2014,Montgomery,750,926,1264,1563,455746
2014,Moore,554,683,851,1133,21904
2014,Morris,478,637,913,924,12934
2014,Motley,495,637,793,924,1210
2014,Nacogdoches,571,716,892,957,64524
2014,Navarro,558,732,918,983,47735
2014,Newton,528,637,793,851,14445
2014,Nolan,537,637,939,1128,15216
2014,Nueces,654,839,1111,1307,340223
2014,Ochiltree,543,644,907,934,10223
2014,Oldham,576,683,1006,1210,2052
2014,Orange,650,806,1056,1077,81837
2014,Palo,531,719,963,1010,28111
2014,Panola,471,637,813,1128,23796
2014,Parker,725,938,1258,1498,116927
2014,Parmer,537,637,835,1078,10269
2014,Pecos,533,646,854,1144,15507
2014,Polk,474,637,933,1074,45413
2014,Potter,560,736,1004,1051,121073
2014,Presidio,537,637,939,942,7818
2014,Rains,471,637,939,942,10914
2014,Randall,560,736,1004,1051,120725
2014,Reagan,517,637,794,924,3367
2014,Real,471,637,939,942,3309
2014,Red,471,637,834,1128,12860
2014,Reeves,506,637,939,1128,13783
2014,Refugio,480,650,930,943,7383
2014,Roberts,507,653,813,947,929
2014,Robertson,704,868,1255,1505,16622
2014,Rockwall,722,913,1218,1471,78337
2014,Runnels,537,637,939,1128,10501
2014,Rusk,506,682,902,1090,53330
2014,Sabine,537,637,939,942,10834
2014,San,471,637,793,1100,8865
2014,San,750,926,1264,1563,26384
2014,San,654,839,1111,1307,64804
2014,San,471,637,866,1128,6131
2014,Schleicher,471,637,793,924,3461
2014,Scurry,471,637,939,942,16921
2014,Shackelford,495,637,939,942,3378
2014,Shelby,471,637,793,924,25448
2014,Sherman,537,637,880,924,3034
2014,Smith,738,875,1161,1169,209714
2014,Somervell,537,637,939,1128,8490
2014,Starr,471,637,793,1016,60968
2014,Stephens,489,662,865,960,9630
2014,Sterling,585,694,995,1007,1143
2014,Stonewall,506,637,931,934,1490
2014,Sutton,519,637,815,924,4128
2014,Swisher,471,637,856,924,7854
2014,Tarrant,725,938,1258,1498,1809034
2014,Taylor,586,790,1000,1276,131506
2014,Terrell,537,637,849,924,984
2014,Terry,486,637,816,924,12651
2014,Throckmorton,495,637,939,942,1641
2014,Titus,498,637,798,917,32334
2014,Tom,547,730,1013,1085,110224
2014,Travis,853,1074,1454,1762,1024266
2014,Trinity,531,637,939,1128,14585
2014,Tyler,493,637,939,942,21766
2014,Upshur,650,798,994,1277,39309
2014,Upton,537,637,864,924,3355
2014,Uvalde,537,637,875,924,26405
2014,Val,471,637,923,926,48879
2014,Van,535,724,937,968,52579
2014,Victoria,578,731,910,1166,86793
2014,Walker,602,714,970,973,67861
2014,Waller,750,926,1264,1563,43205
2014,Ward,537,637,793,851,10658
2014,Washington,612,732,931,978,33718
2014,Webb,618,777,1021,1057,250304
2014,Wharton,520,704,930,941,41280
2014,Wheeler,537,637,915,924,5410
2014,Wichita,570,712,1009,1155,131500
2014,Wilbarger,496,671,912,973,13535
2014,Willacy,475,643,853,1139,22134
2014,Williamson,853,1074,1454,1762,422679
2014,Wilson,683,857,1117,1226,42918
2014,Winkler,471,637,939,942,7110
2014,Wise,588,795,990,1062,59127
2014,Wood,490,663,891,1130,41964
2014,Yoakum,507,653,884,947,7879
2014,Young,542,733,940,980,18550
2014,Zapata,471,637,793,924,14018
2014,Zavala,537,637,939,942,11677
2013,Anderson,585,693,905,1227,58458
2013,Andrews,510,658,970,973,14786
2013,Angelina,673,815,1066,1201,86771
2013,Aransas,545,738,1087,1150,23158
2013,Archer,552,690,977,1119,9054
2013,Armstrong,576,757,1033,1081,1901
2013,Atascosa,538,705,944,1073,44911
2013,Austin,528,694,1023,1171,28417
2013,Bailey,492,633,788,918,7165
2013,Bandera,693,870,1134,1244,20485
2013,Bastrop,834,1050,1421,1723,74171
2013,Baylor,466,630,785,914,3726
2013,Bee,531,642,946,1040,31861
2013,Bell,595,792,1167,1324,310235
2013,Bexar,693,870,1134,1244,1714773
2013,Blanco,634,858,1069,1147,10497
2013,Borden,517,665,828,965,641
2013,Bosque,482,626,919,1035,18212
2013,Bowie,579,712,887,952,92565
2013,Brazoria,656,843,1162,1434,313166
2013,Brazos,679,837,1210,1451,194851
2013,Brewster,564,763,950,1107,9232
2013,Briscoe,486,626,835,908,1637
2013,Brooks,528,626,922,926,7223
2013,Brown,517,699,897,1238,38106
2013,Burleson,679,837,1210,1451,17187
2013,Burnet,497,672,990,1190,42750
2013,Caldwell,834,1050,1421,1723,38066
2013,Calhoun,502,679,848,1066,21381
2013,Callahan,604,814,1031,1314,13544
2013,Cameron,524,653,855,950,406220
2013,Camp,528,626,809,923,12401
2013,Carson,576,757,1033,1081,6182
2013,Cass,491,626,862,1109,30464
2013,Castro,533,632,787,911,8062
2013,Chambers,765,945,1290,1595,35096
2013,Cherokee,521,626,813,874,50845
2013,Childress,594,704,877,1021,7041
2013,Clay,552,690,977,1119,10752
2013,Cochran,463,626,922,926,3127
2013,Coke,463,626,780,908,3320
2013,Coleman,463,626,922,1109,8895
2013,Collin,701,887,1183,1429,782341
2013,Collingsworth,486,626,922,926,3057
2013,Colorado,494,669,960,1184,20874
2013,Comal,693,870,1134,1244,108472
2013,Comanche,463,626,780,908,13974
2013,Concho,766,1036,1290,1503,4087
2013,Cooke,592,801,1046,1070,38437
2013,Coryell,595,792,1167,1324,75388
2013,Cottle,540,665,980,983,1505
2013,Crane,688,886,1103,1285,4375
2013,Crockett,475,643,948,951,3719
2013,Crosby,562,738,1077,1241,6059
2013,Culberson,486,626,896,908,2398
2013,Dallam,578,685,1000,1004,6703
2013,Dallas,701,887,1183,1429,2368139
2013,Dawson,521,626,922,926,13833
2013,Deaf,482,652,908,912,19372
2013,Delta,701,887,1183,1429,5231
2013,Denton,701,887,1183,1429,662614
2013,DeWitt,463,626,780,908,20097
2013,Dickens,506,651,811,944,2444
2013,Dimmit,528,626,780,837,9996
2013,Donley,480,649,808,941,3677
2013,Duval,550,652,812,946,11782
2013,Eastland,463,626,780,1101,18583
2013,Ector,764,983,1251,1313,137130
2013,Edwards,519,668,832,969,2002
2013,Ellis,701,887,1183,1429,149610
2013,El,572,706,1001,1200,800647
2013,Erath,537,705,947,950,37890
2013,Falls,463,626,864,867,17866
2013,Fannin,497,673,925,1090,33915
2013,Fayette,539,729,920,974,24554
2013,Fisher,463,626,922,926,3974
2013,Floyd,528,626,922,1079,6446
2013,Foard,486,626,922,926,1336
2013,Fort,765,945,1290,1595,585375
2013,Franklin,463,626,922,1109,10605
2013,Freestone,571,773,963,1121,19816
2013,Frio,528,626,922,1109,17217
2013,Gaines,463,626,880,937,17526
2013,Galveston,765,945,1290,1595,291309
2013,Garza,528,626,922,926,6461
2013,Gillespie,662,895,1115,1585,24837
2013,Glasscock,517,665,828,965,1226
2013,Goliad,570,721,898,1150,7210
2013,Gonzales,463,626,922,928,19807
2013,Gray,496,636,798,1010,22535
2013,Grayson,626,809,1089,1386,120877
2013,Gregg,642,788,981,1261,121730
2013,Grimes,511,639,852,927,26604
2013,Guadalupe,693,870,1134,1244,131533
2013,Hale,491,626,852,1039,36273
2013,Hall,486,626,922,926,3353
2013,Hamilton,463,626,922,926,8517
2013,Hansford,532,631,834,938,5613
2013,Hardeman,613,789,983,1145,4139
2013,Hardin,643,797,1045,1065,54635
2013,Harris,765,945,1290,1595,4092459
2013,Harrison,553,690,905,922,65631
2013,Hartley,463,626,869,908,6062
2013,Haskell,486,626,922,926,5899
2013,Hays,834,1050,1421,1723,157107
2013,Hemphill,601,729,908,1057,3807
2013,Henderson,657,805,1055,1302,78532
2013,Hidalgo,501,652,812,991,774769
2013,Hill,522,706,958,1019,35089
2013,Hockley,543,732,912,978,22935
2013,Hood,647,875,1171,1239,51182
2013,Hopkins,520,704,903,1136,35161
2013,Houston,467,632,903,906,23732
2013,Howard,499,675,875,1002,35012
2013,Hudspeth,486,626,922,926,3476
2013,Hunt,701,887,1183,1429,86129
2013,Hutchinson,528,670,850,895,22150
2013,Irion,537,717,995,1066,1599
2013,Jack,545,646,805,1144,9044
2013,Jackson,536,682,924,1208,14075
2013,Jasper,526,677,843,905,35710
2013,Jeff,528,626,835,908,2342
2013,Jefferson,643,797,1045,1065,252273
2013,Jim,528,626,794,908,5300
2013,Jim,572,745,928,996,40838
2013,Johnson,714,924,1239,1475,150934
2013,Jones,604,814,1031,1314,20202
2013,Karnes,528,626,922,1109,14824
2013,Kaufman,701,887,1183,1429,103350
2013,Kendall,769,912,1344,1615,33410
2013,Kenedy,598,770,1027,1117,416
2013,Kent,599,771,960,1118,808
2013,Kerr,647,819,1158,1162,49625
2013,Kimble,481,651,811,870,4607
2013,King,517,665,828,965,286
2013,Kinney,479,626,922,926,3598
2013,Kleberg,556,752,1032,1332,32061
2013,Knox,486,626,780,837,3719
2013,Lamar,531,630,918,1092,49793
2013,Lamb,528,626,836,1008,13977
2013,Lampasas,541,642,946,1057,19677
2013,La,463,626,922,926,6886
2013,Lavaca,463,626,898,908,19263
2013,Lee,536,635,936,939,16612
2013,Leon,479,631,820,985,16801
2013,Liberty,765,945,1290,1595,75643
2013,Limestone,531,705,993,1001,23384
2013,Lipscomb,511,691,861,923,3302
2013,Live,611,725,903,969,11531
2013,Llano,469,635,936,939,19301
2013,Loving,517,665,887,965,82
2013,Lubbock,562,738,1077,1241,278831
2013,Lynn,528,626,922,926,5915
2013,McCulloch,463,626,910,914,8283
2013,McLennan,560,758,993,1110,234906
2013,McMullen,517,665,980,983,707
2013,Madison,528,626,922,926,13664
2013,Marion,500,676,842,981,10546
2013,Martin,622,737,918,1069,4799
2013,Mason,486,626,922,926,4012
2013,Matagorda,515,697,944,1234,36702
2013,Maverick,528,626,890,908,54258
2013,Medina,511,692,914,990,46006
2013,Menard,467,626,849,908,2242
2013,Midland,719,937,1167,1295,136872
2013,Milam,494,626,922,1109,24757
2013,Mills,488,626,922,1109,4936
2013,Mitchell,528,626,900,1109,9403
2013,Montague,489,662,932,935,19719
2013,Montgomery,765,945,1290,1595,455746
2013,Moore,539,665,828,1103,21904
2013,Morris,470,626,897,908,12934
2013,Motley,486,626,780,908,1210
2013,Nacogdoches,614,771,960,1030,64524
2013,Navarro,572,750,941,1007,47735
2013,Newton,519,626,780,837,14445
2013,Nolan,528,626,922,1109,15216
2013,Nueces,661,847,1122,1319,340223
2013,Ochiltree,528,626,882,908,10223
2013,Oldham,578,685,1009,1213,2052
2013,Orange,643,797,1045,1065,81837
2013,Palo,551,745,998,1047,28111
2013,Panola,463,626,799,1109,23796
2013,Parker,714,924,1239,1475,116927
2013,Parmer,528,626,821,1059,10269
2013,Pecos,517,626,828,1109,15507
2013,Polk,466,626,917,1055,45413
2013,Potter,576,757,1033,1081,121073
2013,Presidio,528,626,922,926,7818
2013,Rains,463,626,922,926,10914
2013,Randall,576,757,1033,1081,120725
2013,Reagan,538,663,827,962,3367
2013,Real,463,626,922,926,3309
2013,Red,463,626,820,1109,12860
2013,Reeves,498,626,922,1109,13783
2013,Refugio,497,673,963,976,7383
2013,Roberts,517,665,828,965,929
2013,Robertson,679,837,1210,1451,16622
2013,Rockwall,701,887,1183,1429,78337
2013,Runnels,528,626,922,1109,10501
2013,Rusk,505,681,900,1089,53330
2013,Sabine,528,626,922,926,10834
2013,San,463,626,780,1081,8865
2013,San,765,945,1290,1595,26384
2013,San,661,847,1122,1319,64804
2013,San,463,626,851,1109,6131
2013,Schleicher,489,662,824,960,3461
2013,Scurry,463,626,922,926,16921
2013,Shackelford,486,626,922,926,3378
2013,Shelby,463,626,780,908,25448
2013,Sherman,528,626,865,908,3034
2013,Smith,665,789,1047,1054,209714
2013,Somervell,528,626,922,1109,8490
2013,Starr,463,626,780,998,60968
2013,Stephens,488,660,862,957,9630
2013,Sterling,606,719,1031,1043,1143
2013,Stonewall,497,626,915,918,1490
2013,Sutton,510,626,801,908,4128
2013,Swisher,463,626,841,908,7854
2013,Tarrant,714,924,1239,1475,1809034
2013,Taylor,604,814,1031,1314,131506
2013,Terrell,558,662,883,960,984
2013,Terry,478,626,802,908,12651
2013,Throckmorton,486,626,922,926,1641
2013,Titus,495,633,793,911,32334
2013,Tom,537,717,995,1066,110224
2013,Travis,834,1050,1421,1723,1024266
2013,Trinity,522,626,922,1109,14585
2013,Tyler,504,651,959,963,21766
2013,Upshur,642,788,981,1261,39309
2013,Upton,528,626,849,908,3355
2013,Uvalde,562,666,915,966,26405
2013,Val,486,657,952,955,48879
2013,Van,540,730,945,976,52579
2013,Victoria,570,721,898,1150,86793
2013,Walker,605,717,974,978,67861
2013,Waller,765,945,1290,1595,43205
2013,Ward,528,626,780,837,10658
2013,Washington,698,835,1063,1116,33718
2013,Webb,586,736,967,1001,250304
2013,Wharton,534,723,955,966,41280
2013,Wheeler,528,626,900,908,5410
2013,Wichita,552,690,977,1119,131500
2013,Wilbarger,517,700,951,1015,13535
2013,Willacy,463,626,830,1109,22134
2013,Williamson,834,1050,1421,1723,422679
2013,Wilson,693,870,1134,1244,42918
2013,Winkler,477,645,950,954,7110
2013,Wise,594,803,1000,1073,59127
2013,Wood,497,672,903,1146,41964
2013,Yoakum,523,673,911,976,7879
2013,Young,531,719,922,961,18550
2013,Zapata,463,626,780,908,14018
2013,Zavala,528,626,922,926,11677
2012,Anderson,580,668,879,1153,55109
2012,Andrews,516,606,811,906,13004
2012,Angelina,654,732,947,977,80130
2012,Aransas,570,679,990,1020,22497
2012,Archer,596,709,995,1025,8854
2012,Armstrong,557,696,959,1075,2148
2012,Atascosa,471,622,786,809,38628
2012,Austin,558,671,890,919,23590
2012,Bailey,755,879,1144,1449,6594
2012,Bandera,616,760,980,1191,17645
2012,Bastrop,812,989,1331,1516,57733
2012,Baylor,484,602,767,910,4093
2012,Bee,509,610,819,917,32359
2012,Bell,535,680,989,1192,237974
2012,Bexar,616,760,980,1191,1392931
2012,Blanco,563,712,935,1071,8418
2012,Borden,525,634,818,844,729
2012,Bosque,509,612,744,891,17204
2012,Bowie,505,622,759,825,89306
2012,Brazoria,684,786,1084,1164,241767
2012,Brazos,609,743,941,970,152415
2012,Brewster,621,817,977,1059,8866
2012,Briscoe,478,584,778,802,1790
2012,Brooks,521,584,835,929,7976
2012,Brown,536,676,859,986,37674
2012,Burleson,609,743,941,970,16470
2012,Burnet,522,686,863,888,34147
2012,Caldwell,812,989,1331,1516,32194
2012,Calhoun,519,665,838,1122,20647
2012,Callahan,569,718,935,1183,12905
2012,Cameron,535,613,758,856,335227
2012,Camp,475,584,797,822,11549
2012,Carson,557,696,959,1075,6516
2012,Cass,526,584,802,944,30438
2012,Castro,478,584,778,802,8285
2012,Chambers,772,937,1249,1570,26031
2012,Cherokee,523,587,785,817,46659
2012,Childress,514,628,836,863,7688
2012,Clay,596,709,995,1025,11006
2012,Cochran,502,584,760,963,3730
2012,Coke,459,584,840,916,3864
2012,Coleman,462,584,767,878,9235
2012,Collin,719,868,1130,1337,491675
2012,Collingsworth,478,584,778,802,3206
2012,Colorado,590,669,884,909,20390
2012,Comal,616,760,980,1191,78021
2012,Comanche,493,584,743,811,14026
2012,Concho,811,980,1264,1305,3966
2012,Cooke,604,762,940,969,36363
2012,Coryell,535,680,989,1192,74978
2012,Cottle,510,634,808,959,1904
2012,Crane,603,687,892,1059,3996
2012,Crockett,490,592,764,789,4099
2012,Crosby,582,735,1041,1074,7072
2012,Culberson,513,584,758,900,2975
2012,Dallam,494,652,779,799,6222
2012,Dallas,719,868,1130,1337,2218899
2012,Dawson,484,584,753,778,14985
2012,Deaf,536,647,940,1071,18561
2012,Delta,719,868,1130,1337,5327
2012,Denton,719,868,1130,1337,432976
2012,DeWitt,448,584,763,825,20013
2012,Dickens,502,584,760,963,2762
2012,Dimmit,481,584,795,943,10248
2012,Donley,529,646,860,888,3828
2012,Duval,506,584,778,828,13120
2012,Eastland,493,584,743,811,18297
2012,Ector,549,719,1036,1204,121123
2012,Edwards,481,584,795,943,2162
2012,Ellis,719,868,1130,1337,111360
2012,El,559,666,955,1133,679622
2012,Erath,531,663,809,833,33001
2012,Falls,519,584,745,773,18576
2012,Fannin,552,658,821,845,31242
2012,Fayette,515,624,775,798,21804
2012,Fisher,452,584,835,907,4344
2012,Floyd,502,584,760,963,7771
2012,Foard,470,584,744,883,1622
2012,Fort,772,937,1249,1570,354452
2012,Franklin,514,621,761,915,9458
2012,Freestone,625,704,920,948,17867
2012,Frio,480,584,739,880,16252
2012,Gaines,517,584,758,908,14467
2012,Galveston,772,937,1249,1570,250158
2012,Garza,502,584,760,963,4872
2012,Gillespie,629,827,1145,1179,20814
2012,Glasscock,525,634,818,844,1406
2012,Goliad,568,727,905,1072,6928
2012,Gonzales,457,584,849,874,18628
2012,Gray,453,584,733,756,22744
2012,Grayson,603,708,930,1076,110595
2012,Gregg,577,662,906,932,111379
2012,Grimes,579,645,840,865,23552
2012,Guadalupe,616,760,980,1191,89023
2012,Hale,509,599,734,819,36602
2012,Hall,478,584,778,802,3782
2012,Hamilton,462,584,767,878,8229
2012,Hansford,499,609,811,837,5369
2012,Hardeman,470,585,745,885,4724
2012,Hardin,578,691,857,888,48073
2012,Harris,772,937,1249,1570,3400578
2012,Harrison,480,632,817,841,62110
2012,Hartley,509,622,829,855,5537
2012,Haskell,452,584,835,907,6093
2012,Hays,812,989,1331,1516,97589
2012,Hemphill,478,584,778,802,3351
2012,Henderson,530,697,914,942,73277
2012,Hidalgo,532,627,752,864,569463
2012,Hill,603,668,946,1032,32321
2012,Hockley,556,672,933,962,22716
2012,Hood,717,798,1054,1400,41100
2012,Hopkins,558,681,864,1195,31960
2012,Houston,560,628,752,814,23185
2012,Howard,530,634,890,915,33627
2012,Hudspeth,513,584,758,900,3344
2012,Hunt,719,868,1130,1337,76596
2012,Hutchinson,487,584,699,869,23857
2012,Irion,581,740,1058,1157,1771
2012,Jack,534,664,846,1004,8763
2012,Jackson,558,663,808,1166,14391
2012,Jasper,506,607,751,868,35604
2012,Jeff,557,634,823,977,2207
2012,Jefferson,578,691,857,888,252051
2012,Jim,521,584,835,929,5281
2012,Jim,601,669,889,917,39326
2012,Johnson,709,863,1153,1277,126811
2012,Jones,569,718,935,1183,20785
2012,Karnes,446,584,764,827,15446
2012,Kaufman,719,868,1130,1337,71313
2012,Kendall,661,796,1159,1398,23743
2012,Kenedy,678,760,1086,1209,414
2012,Kent,596,770,1101,1196,859
2012,Kerr,697,784,1011,1043,43653
2012,Kimble,533,644,831,858,4468
2012,King,545,634,825,1045,356
2012,Kinney,481,584,795,943,3379
2012,Kleberg,632,710,1037,1250,31549
2012,Knox,470,584,744,883,4253
2012,Lamar,496,622,784,876,48499
2012,Lamb,502,584,760,963,14709
2012,Lampasas,484,584,852,998,17762
2012,La,481,584,795,943,5866
2012,Lavaca,515,584,771,793,19210
2012,Lee,542,602,824,849,15657
2012,Leon,547,609,793,817,15335
2012,Liberty,772,937,1249,1570,70154
2012,Limestone,586,647,828,857,22051
2012,Lipscomb,516,630,839,866,3057
2012,Live,583,673,896,954,12309
2012,Llano,537,707,846,871,17044
2012,Loving,557,634,823,977,67
2012,Lubbock,582,735,1041,1074,242628
2012,Lynn,502,584,760,963,6550
2012,McCulloch,495,594,865,892,8205
2012,McLennan,606,754,944,975,213517
2012,McMullen,550,634,844,899,851
2012,Madison,524,584,760,783,12940
2012,Marion,532,653,891,919,10941
2012,Martin,601,726,937,967,4746
2012,Mason,484,584,753,778,3738
2012,Matagorda,564,660,962,1160,37957
2012,Maverick,488,584,849,875,47297
2012,Medina,516,607,726,883,39304
2012,Menard,484,584,753,778,2360
2012,Midland,598,787,1147,1358,116009
2012,Milam,470,584,756,803,24238
2012,Mills,462,584,767,878,5151
2012,Mitchell,452,584,835,907,9698
2012,Montague,597,665,839,1166,19117
2012,Montgomery,772,937,1249,1570,293768
2012,Moore,554,638,929,956,20121
2012,Morris,484,584,715,860,13048
2012,Motley,502,584,760,963,1426
2012,Nacogdoches,639,754,900,1234,59203
2012,Navarro,604,729,886,914,45124
2012,Newton,498,600,780,1051,15072
2012,Nolan,454,584,753,1023,15802
2012,Nueces,663,823,1130,1231,313645
2012,Ochiltree,484,591,826,850,9006
2012,Oldham,557,680,906,934,2185
2012,Orange,578,691,857,888,84966
2012,Palo,556,689,952,978,27026
2012,Panola,526,584,711,1026,22756
2012,Parker,709,863,1153,1277,88495
2012,Parmer,478,584,778,802,10016
2012,Pecos,526,584,708,857,16809
2012,Polk,544,646,773,796,41133
2012,Potter,557,696,959,1075,113546
2012,Presidio,513,584,758,900,7304
2012,Rains,519,646,871,897,9139
2012,Randall,557,696,959,1075,104312
2012,Reagan,535,646,833,860,3326
2012,Real,481,584,795,943,3047
2012,Red,484,584,715,860,14314
2012,Reeves,517,584,749,908,13137
2012,Refugio,575,663,883,940,7828
2012,Roberts,519,634,844,871,887
2012,Robertson,609,743,941,970,16000
2012,Rockwall,719,868,1130,1337,43080
2012,Runnels,484,584,753,778,11495
2012,Rusk,487,584,699,719,47372
2012,Sabine,485,584,759,1023,10469
2012,San,485,584,759,1023,8946
2012,San,772,937,1249,1570,22246
2012,San,663,823,1130,1231,67138
2012,San,497,628,825,945,6186
2012,Schleicher,503,607,783,809,2935
2012,Scurry,456,584,850,933,16361
2012,Shackelford,452,584,835,907,3302
2012,Shelby,486,584,839,1023,25224
2012,Sherman,522,637,848,875,3186
2012,Smith,684,770,1055,1153,174706
2012,Somervell,493,584,746,811,6809
2012,Starr,528,584,851,1029,53597
2012,Stephens,512,674,928,1008,9674
2012,Sterling,525,634,818,844,1393
2012,Stonewall,452,584,835,907,1693
2012,Sutton,484,584,753,778,4077
2012,Swisher,478,584,778,802,8378
2012,Tarrant,709,863,1153,1277,1446219
2012,Taylor,569,718,935,1183,126555
2012,Terrell,513,584,758,900,1081
2012,Terry,500,584,767,961,12761
2012,Throckmorton,512,661,945,1027,1850
2012,Titus,514,610,733,1071,28118
2012,Tom,581,740,1058,1157,104010
2012,Travis,812,989,1331,1516,812280
2012,Trinity,521,584,699,757,13779
2012,Tyler,557,669,862,1116,20871
2012,Upshur,577,662,906,932,35291
2012,Upton,484,584,753,778,3404
2012,Uvalde,681,767,999,1345,25926
2012,Val,500,590,734,855,44856
2012,Van,562,687,960,989,48140
2012,Victoria,568,727,905,1072,84088
2012,Walker,647,782,1006,1303,61758
2012,Waller,772,937,1249,1570,32663
2012,Ward,491,584,728,864,10909
2012,Washington,694,769,1079,1114,30373
2012,Webb,582,696,910,1192,193117
2012,Wharton,596,661,875,901,41188
2012,Wheeler,478,584,778,802,5284
2012,Wichita,596,709,995,1025,131664
2012,Wilbarger,534,690,886,988,14676
2012,Willacy,576,639,930,1035,20082
2012,Williamson,812,989,1331,1516,249967
2012,Wilson,616,760,980,1191,32408
2012,Winkler,587,668,867,1029,7173
2012,Wise,593,713,871,968,48793
2012,Wood,462,610,889,1069,36752
2012,Yoakum,576,671,873,1106,7322
2012,Young,532,701,890,1035,17943
2012,Zapata,521,584,835,929,12182
2012,Zavala,481,584,795,943,11600
